Customer ID,Age,Gender,Item Purchased,Category,Purchase Amount (USD),Location,Size,Color,Season,Review Rating,Subscription Status,Payment Method,Shipping Type,Discount Applied,Promo Code Used,Previous Purchases,Purchase Frequency
1,65+,Male,Smartphone,Electronics,177.62,Virginia,N/A,N/A,Fall,4,Yes,Cash,Express,Yes,No,6,Bi-Weekly
2,65+,Male,Camera,Electronics,463.78,Virginia,N/A,N/A,Spring,5,No,Bank Transfer,Free Shipping,No,No,5,Weekly
3,18-25,Female,Laptop,Electronics,413.51,New York,N/A,N/A,Spring,3,No,Bank Transfer,Express,Yes,No,6,Annually
4,46-55,Female,Jewelry,Accessories,33.01,Michigan,N/A,Blue,Spring,4,No,Cash,Free Shipping,Yes,No,4,Monthly
5,36-45,Female,Boots,Footwear,53.59,Pennsylvania,XS,Black,Winter,4,No,Credit Card,Next Day Delivery,No,No,6,Monthly
6,56-65,Male,Furniture,Home & Garden,165.75,Virginia,N/A,N/A,Winter,5,Yes,Bank Transfer,Standard,No,No,5,Quarterly
7,18-25,Female,Puzzle,Toys & Games,43.73,New Jersey,N/A,N/A,Fall,4,No,Bank Transfer,Express,No,Yes,6,Weekly
8,18-25,Male,Sunglasses,Accessories,125.51,Texas,N/A,Brown,Summer,5,No,Credit Card,Free Shipping,No,No,7,Monthly
9,46-55,Male,Camping Gear,Sports & Outdoors,115.22,Pennsylvania,N/A,N/A,Fall,4,No,Cash,Next Day Delivery,No,No,5,Weekly
10,56-65,Male,Running Shoes,Footwear,105.05,Virginia,S,White,Winter,4,No,PayPal,Next Day Delivery,No,No,9,Annually
11,26-35,Male,Fitness Equipment,Sports & Outdoors,127.77,New York,N/A,N/A,Spring,5,Yes,Debit Card,Free Shipping,No,No,5,Monthly
12,18-25,Female,Belt,Accessories,100.44,Virginia,N/A,Blue,Summer,5,No,PayPal,Free Shipping,No,No,5,Quarterly
13,26-35,Female,Kitchenware,Home & Garden,134.61,New York,N/A,N/A,Fall,5,Yes,Bank Transfer,Free Shipping,No,No,7,Annually
14,46-55,Female,Camping Gear,Sports & Outdoors,128.09,Florida,N/A,N/A,Winter,5,Yes,Credit Card,Standard,No,No,3,Weekly
15,26-35,Male,Casual Shoes,Footwear,42.47,Ohio,XL,Black,Winter,5,No,PayPal,Free Shipping,Yes,No,5,Annually
16,36-45,Female,Board Game,Toys & Games,36.03,New Jersey,N/A,N/A,Spring,5,Yes,Bank Transfer,Next Day Delivery,No,No,4,Monthly
17,18-25,Female,Bedding,Home & Garden,34.8,Florida,N/A,N/A,Winter,5,No,Credit Card,Next Day Delivery,No,No,5,Annually
18,26-35,Female,Board Game,Toys & Games,52.86,New Jersey,N/A,N/A,Fall,4,Yes,Bank Transfer,Express,Yes,No,1,Bi-Weekly
19,36-45,Female,Running Shoes,Footwear,172.47,North Carolina,XS,Green,Fall,4,Yes,PayPal,Standard,No,No,7,Weekly
20,36-45,Male,Kitchenware,Home & Garden,256.01,California,N/A,N/A,Summer,3,Yes,Bank Transfer,Standard,No,No,9,Weekly
21,65+,Female,Novel,Books & Media,23.76,North Carolina,N/A,N/A,Summer,5,No,Cash,Free Shipping,No,No,5,Annually
22,26-35,Female,Garden Tools,Home & Garden,209.23,Michigan,N/A,N/A,Winter,4,No,Cash,Express,No,Yes,9,Monthly
23,46-55,Female,Bike,Sports & Outdoors,128.27,North Carolina,N/A,N/A,Winter,5,No,Credit Card,Express,No,No,8,Bi-Weekly
24,18-25,Male,Fitness Equipment,Sports & Outdoors,125.43,Michigan,N/A,N/A,Summer,5,No,Bank Transfer,Express,No,No,3,Weekly
25,18-25,Male,Pants,Clothing,76.93,Texas,XS,Brown,Fall,5,No,Credit Card,Express,Yes,No,2,Monthly
26,65+,Female,Magazine,Books & Media,14.22,North Carolina,N/A,N/A,Summer,3,No,Bank Transfer,Free Shipping,No,No,6,Bi-Weekly
27,46-55,Other,Makeup,Beauty & Personal Care,55.1,Texas,N/A,N/A,Spring,5,No,PayPal,Next Day Delivery,Yes,Yes,9,Quarterly
28,46-55,Male,Novel,Books & Media,33.66,New Jersey,N/A,N/A,Spring,3,No,Credit Card,Free Shipping,No,Yes,2,Monthly
29,18-25,Female,Handbag,Accessories,80.5,New York,N/A,Green,Winter,4,Yes,Cash,Free Shipping,No,No,6,Bi-Weekly
30,36-45,Female,Magazine,Books & Media,43.72,Texas,N/A,N/A,Winter,5,No,Bank Transfer,Standard,No,No,4,Weekly
31,65+,Female,Board Game,Toys & Games,10.0,Texas,N/A,N/A,Summer,4,No,Cash,Free Shipping,No,No,6,Quarterly
32,46-55,Male,Jewelry,Accessories,141.22,California,N/A,White,Winter,5,Yes,Credit Card,Free Shipping,No,Yes,3,Monthly
33,46-55,Male,Bedding,Home & Garden,178.56,Virginia,N/A,N/A,Winter,5,No,Cash,Express,No,No,8,Monthly
34,26-35,Male,Sweater,Clothing,54.21,Virginia,XL,Black,Fall,4,No,Credit Card,Standard,No,No,8,Annually
35,46-55,Male,Action Figure,Toys & Games,39.86,California,N/A,N/A,Spring,5,No,Cash,Standard,No,No,8,Annually
36,18-25,Male,Jewelry,Accessories,84.79,Texas,N/A,Green,Summer,5,No,Bank Transfer,Standard,No,No,3,Annually
37,18-25,Female,Hair Care,Beauty & Personal Care,36.33,Illinois,N/A,N/A,Summer,4,No,Debit Card,Express,No,Yes,8,Monthly
38,46-55,Male,Casual Shoes,Footwear,130.19,New Jersey,M,Red,Fall,5,No,Credit Card,Standard,No,No,4,Quarterly
39,56-65,Male,Smartphone,Electronics,654.23,North Carolina,N/A,N/A,Summer,5,No,Bank Transfer,Next Day Delivery,No,No,5,Bi-Weekly
40,36-45,Male,Laptop,Electronics,554.17,Pennsylvania,N/A,N/A,Fall,5,No,Cash,Free Shipping,No,No,7,Annually
41,65+,Female,Garden Tools,Home & Garden,141.13,New Jersey,N/A,N/A,Spring,5,No,Bank Transfer,Next Day Delivery,No,Yes,7,Weekly
42,26-35,Male,Furniture,Home & Garden,228.1,Texas,N/A,N/A,Summer,3,No,Debit Card,Next Day Delivery,No,Yes,9,Annually
43,26-35,Male,Camping Gear,Sports & Outdoors,127.73,New Jersey,N/A,N/A,Fall,5,No,Bank Transfer,Free Shipping,No,No,5,Monthly
44,18-25,Female,Camera,Electronics,180.53,Ohio,N/A,N/A,Fall,4,No,Credit Card,Standard,No,No,8,Monthly
45,26-35,Female,Kitchenware,Home & Garden,27.27,Virginia,N/A,N/A,Winter,3,Yes,Bank Transfer,Free Shipping,No,No,8,Annually
46,18-25,Female,Smartphone,Electronics,655.54,Virginia,N/A,N/A,Summer,4,No,Bank Transfer,Standard,No,No,2,Monthly
47,56-65,Female,Action Figure,Toys & Games,17.25,Ohio,N/A,N/A,Summer,5,No,Credit Card,Next Day Delivery,No,No,9,Monthly
48,18-25,Other,Camping Gear,Sports & Outdoors,10.0,New Jersey,N/A,N/A,Summer,4,No,Credit Card,Next Day Delivery,No,No,3,Annually
49,46-55,Male,Boots,Footwear,138.33,Florida,S,Red,Spring,4,Yes,Cash,Next Day Delivery,No,No,5,Quarterly
50,65+,Male,Sunglasses,Accessories,52.4,Florida,N/A,Brown,Spring,5,Yes,PayPal,Standard,Yes,Yes,6,Quarterly
51,26-35,Female,Jewelry,Accessories,124.05,Pennsylvania,N/A,Blue,Summer,4,No,Cash,Standard,Yes,No,7,Bi-Weekly
52,46-55,Female,Sports Apparel,Sports & Outdoors,72.78,Texas,N/A,N/A,Fall,4,No,Debit Card,Free Shipping,No,No,4,Annually
53,36-45,Male,Shirt,Clothing,55.6,Illinois,S,Green,Fall,5,Yes,Credit Card,Standard,No,No,7,Annually
54,46-55,Male,Sports Apparel,Sports & Outdoors,45.11,Ohio,N/A,N/A,Spring,4,Yes,PayPal,Express,No,No,6,Monthly
55,18-25,Male,Skincare,Beauty & Personal Care,37.36,North Carolina,N/A,N/A,Summer,4,Yes,Debit Card,Free Shipping,Yes,No,5,Weekly
56,65+,Other,Sports Apparel,Sports & Outdoors,85.19,New Jersey,N/A,N/A,Spring,4,No,Debit Card,Next Day Delivery,No,No,8,Quarterly
57,36-45,Male,Hair Care,Beauty & Personal Care,12.45,North Carolina,N/A,N/A,Summer,4,Yes,Cash,Free Shipping,No,No,5,Quarterly
58,65+,Male,Running Shoes,Footwear,122.4,Michigan,M,Red,Spring,5,Yes,Debit Card,Next Day Delivery,No,No,8,Bi-Weekly
59,46-55,Female,Bike,Sports & Outdoors,120.18,Georgia,N/A,N/A,Winter,4,Yes,Cash,Free Shipping,Yes,No,6,Bi-Weekly
60,65+,Female,Headphones,Electronics,417.88,North Carolina,N/A,N/A,Fall,5,No,Credit Card,Express,No,No,7,Monthly
61,26-35,Female,Handbag,Accessories,103.08,California,N/A,Black,Summer,5,No,PayPal,Standard,No,No,6,Quarterly
62,46-55,Female,Wallet,Accessories,81.24,Virginia,N/A,Red,Winter,5,No,PayPal,Express,No,No,5,Bi-Weekly
63,65+,Female,Blouse,Clothing,64.57,Texas,L,White,Summer,4,No,Bank Transfer,Free Shipping,Yes,No,4,Weekly
64,56-65,Female,Watch,Accessories,123.17,Georgia,N/A,White,Winter,5,No,Bank Transfer,Next Day Delivery,No,No,6,Quarterly
65,56-65,Male,Video Game,Toys & Games,37.71,North Carolina,N/A,N/A,Winter,5,No,Cash,Free Shipping,Yes,No,9,Quarterly
66,36-45,Female,Wallet,Accessories,195.74,Illinois,N/A,Brown,Winter,4,No,Cash,Next Day Delivery,No,Yes,9,Quarterly
67,18-25,Female,Kitchenware,Home & Garden,218.18,Illinois,N/A,N/A,Fall,4,No,Debit Card,Standard,No,No,5,Bi-Weekly
68,26-35,Female,Jewelry,Accessories,10.0,Virginia,N/A,White,Summer,5,No,Credit Card,Free Shipping,No,No,3,Quarterly
69,36-45,Male,Video Game,Toys & Games,23.01,Ohio,N/A,N/A,Spring,4,No,Cash,Free Shipping,No,No,5,Quarterly
70,56-65,Male,Blouse,Clothing,70.06,Michigan,L,Red,Spring,4,No,Debit Card,Next Day Delivery,No,Yes,7,Quarterly
71,46-55,Female,Action Figure,Toys & Games,32.75,Georgia,N/A,N/A,Summer,5,Yes,Debit Card,Free Shipping,No,No,2,Quarterly
72,18-25,Female,Hair Care,Beauty & Personal Care,55.56,New Jersey,N/A,N/A,Winter,5,Yes,Cash,Free Shipping,Yes,No,3,Bi-Weekly
73,56-65,Male,Board Game,Toys & Games,16.67,Ohio,N/A,N/A,Spring,3,Yes,Credit Card,Free Shipping,Yes,No,8,Bi-Weekly
74,46-55,Male,Sneakers,Footwear,155.65,Illinois,L,Blue,Summer,4,Yes,PayPal,Next Day Delivery,Yes,No,7,Monthly
75,46-55,Female,Bedding,Home & Garden,249.74,Illinois,N/A,N/A,Spring,4,No,PayPal,Standard,No,No,8,Annually
76,18-25,Female,Camping Gear,Sports & Outdoors,10.0,New Jersey,N/A,N/A,Spring,5,No,Credit Card,Standard,No,Yes,6,Bi-Weekly
77,26-35,Male,Sweater,Clothing,26.11,Florida,S,White,Winter,4,No,Credit Card,Express,No,No,2,Quarterly
78,65+,Female,Decor,Home & Garden,194.15,Florida,N/A,N/A,Spring,4,No,Cash,Next Day Delivery,No,No,7,Weekly
79,56-65,Female,Dress,Clothing,80.6,Michigan,L,Red,Summer,3,Yes,Credit Card,Express,No,No,9,Weekly
80,65+,Male,Garden Tools,Home & Garden,89.57,Texas,N/A,N/A,Spring,5,No,Debit Card,Free Shipping,Yes,No,5,Monthly
81,18-25,Female,Puzzle,Toys & Games,25.6,California,N/A,N/A,Winter,5,Yes,PayPal,Standard,No,No,5,Quarterly
82,36-45,Male,Magazine,Books & Media,43.12,Ohio,N/A,N/A,Summer,5,No,Bank Transfer,Next Day Delivery,No,Yes,10,Annually
83,56-65,Female,Music Album,Books & Media,33.18,Ohio,N/A,N/A,Fall,5,Yes,Debit Card,Express,No,No,9,Weekly
84,36-45,Male,Magazine,Books & Media,26.34,Georgia,N/A,N/A,Winter,5,Yes,Debit Card,Standard,Yes,No,4,Quarterly
85,36-45,Female,Heels,Footwear,171.59,New York,M,Brown,Fall,5,No,Debit Card,Next Day Delivery,No,No,3,Annually
86,65+,Female,Garden Tools,Home & Garden,31.16,California,N/A,N/A,Summer,5,No,Credit Card,Express,No,No,10,Quarterly
87,46-55,Male,Action Figure,Toys & Games,30.49,Virginia,N/A,N/A,Winter,5,Yes,PayPal,Free Shipping,No,No,2,Weekly
88,18-25,Male,Kitchenware,Home & Garden,85.62,Ohio,N/A,N/A,Summer,4,No,Debit Card,Next Day Delivery,No,No,8,Quarterly
89,56-65,Other,Puzzle,Toys & Games,52.51,Ohio,N/A,N/A,Fall,5,No,Debit Card,Free Shipping,Yes,Yes,5,Monthly
90,36-45,Female,Kitchenware,Home & Garden,279.69,Texas,N/A,N/A,Summer,4,No,Debit Card,Standard,No,Yes,6,Annually
91,65+,Female,Boots,Footwear,197.38,New York,L,Blue,Fall,5,Yes,Credit Card,Express,No,No,8,Monthly
92,26-35,Male,Camping Gear,Sports & Outdoors,217.75,Illinois,N/A,N/A,Spring,5,Yes,Bank Transfer,Express,No,No,4,Monthly
93,18-25,Female,Sweater,Clothing,150.81,Illinois,S,Gray,Winter,4,No,Credit Card,Standard,No,No,13,Annually
94,36-45,Female,Music Album,Books & Media,19.69,Georgia,N/A,N/A,Fall,5,No,Cash,Standard,Yes,No,4,Monthly
95,46-55,Female,Smartphone,Electronics,354.86,Ohio,N/A,N/A,Winter,5,Yes,Credit Card,Standard,No,No,6,Bi-Weekly
96,26-35,Female,Furniture,Home & Garden,150.27,New York,N/A,N/A,Spring,4,No,Bank Transfer,Free Shipping,No,No,5,Annually
97,56-65,Female,Belt,Accessories,95.32,Ohio,N/A,Red,Winter,3,No,Debit Card,Free Shipping,No,Yes,7,Monthly
98,56-65,Male,Sweater,Clothing,54.0,Virginia,XS,Brown,Summer,5,No,Cash,Next Day Delivery,No,No,6,Weekly
99,26-35,Female,Handbag,Accessories,134.87,North Carolina,N/A,Black,Summer,5,Yes,Credit Card,Free Shipping,No,Yes,8,Quarterly
100,65+,Male,DVD,Books & Media,38.11,California,N/A,N/A,Summer,4,Yes,Debit Card,Next Day Delivery,Yes,No,11,Quarterly
101,18-25,Male,Sunglasses,Accessories,97.86,New Jersey,N/A,Green,Summer,3,No,PayPal,Standard,No,Yes,5,Annually
102,26-35,Female,Sandals,Footwear,155.45,Florida,XS,Black,Summer,3,Yes,Debit Card,Next Day Delivery,No,No,2,Quarterly
103,18-25,Male,DVD,Books & Media,49.72,Virginia,N/A,N/A,Winter,4,Yes,Debit Card,Free Shipping,No,No,4,Quarterly
104,18-25,Other,Jacket,Clothing,60.12,Virginia,M,Green,Fall,4,Yes,Credit Card,Standard,No,No,3,Bi-Weekly
105,65+,Female,Blouse,Clothing,67.58,New Jersey,M,Green,Spring,4,Yes,Cash,Free Shipping,Yes,No,6,Annually
106,65+,Female,DVD,Books & Media,18.18,Florida,N/A,N/A,Winter,5,No,PayPal,Standard,Yes,No,7,Quarterly
107,36-45,Male,Hair Care,Beauty & Personal Care,47.29,Pennsylvania,N/A,N/A,Spring,4,No,Cash,Next Day Delivery,No,No,4,Quarterly
108,65+,Male,DVD,Books & Media,34.5,New Jersey,N/A,N/A,Winter,4,No,Bank Transfer,Standard,Yes,No,7,Quarterly
109,18-25,Other,Sports Apparel,Sports & Outdoors,112.28,Pennsylvania,N/A,N/A,Spring,5,Yes,PayPal,Standard,No,Yes,3,Annually
110,46-55,Female,Skincare,Beauty & Personal Care,47.4,New York,N/A,N/A,Fall,5,No,Bank Transfer,Free Shipping,No,No,6,Quarterly
111,18-25,Female,Sunglasses,Accessories,24.68,North Carolina,N/A,White,Fall,4,No,PayPal,Free Shipping,No,No,7,Weekly
112,18-25,Other,Wallet,Accessories,67.09,Florida,N/A,Blue,Spring,4,Yes,Bank Transfer,Free Shipping,No,No,7,Weekly
113,26-35,Other,Tablet,Electronics,561.46,Texas,N/A,N/A,Summer,5,No,PayPal,Next Day Delivery,No,Yes,5,Annually
114,65+,Male,Bedding,Home & Garden,50.34,Georgia,N/A,N/A,Winter,5,No,Cash,Free Shipping,No,No,5,Annually
115,26-35,Female,Makeup,Beauty & Personal Care,69.29,Michigan,N/A,N/A,Summer,3,No,Credit Card,Next Day Delivery,No,No,3,Quarterly
116,36-45,Female,Puzzle,Toys & Games,33.66,California,N/A,N/A,Fall,4,No,Debit Card,Free Shipping,Yes,Yes,5,Bi-Weekly
117,46-55,Other,Video Game,Toys & Games,37.09,Pennsylvania,N/A,N/A,Fall,4,No,Bank Transfer,Free Shipping,No,No,4,Quarterly
118,36-45,Female,Wallet,Accessories,108.1,New York,N/A,Green,Winter,5,Yes,Cash,Free Shipping,No,No,5,Weekly
119,36-45,Female,Music Album,Books & Media,26.5,Ohio,N/A,N/A,Summer,5,No,PayPal,Standard,No,No,6,Bi-Weekly
120,56-65,Male,Fitness Equipment,Sports & Outdoors,131.9,Georgia,N/A,N/A,Spring,5,No,Bank Transfer,Free Shipping,Yes,No,8,Weekly
121,65+,Male,Heels,Footwear,179.47,New Jersey,S,Black,Winter,4,No,Debit Card,Next Day Delivery,No,No,5,Annually
122,65+,Male,Skincare,Beauty & Personal Care,20.45,Pennsylvania,N/A,N/A,Winter,5,No,Debit Card,Free Shipping,No,No,5,Annually
123,18-25,Female,Laptop,Electronics,262.37,New Jersey,N/A,N/A,Fall,4,No,Cash,Standard,No,No,3,Quarterly
124,18-25,Male,Tablet,Electronics,850.49,Florida,N/A,N/A,Fall,3,No,Credit Card,Standard,No,No,6,Monthly
125,18-25,Female,Decor,Home & Garden,129.79,Pennsylvania,N/A,N/A,Winter,4,No,Cash,Express,Yes,No,4,Annually
126,46-55,Male,Boots,Footwear,139.6,Florida,XS,Green,Winter,4,No,Bank Transfer,Express,No,No,5,Quarterly
127,56-65,Female,Boots,Footwear,125.27,Georgia,M,Red,Fall,5,No,Credit Card,Free Shipping,Yes,No,6,Monthly
128,65+,Female,Action Figure,Toys & Games,14.99,Texas,N/A,N/A,Winter,4,No,Debit Card,Next Day Delivery,No,No,7,Quarterly
129,65+,Female,Bedding,Home & Garden,214.23,Illinois,N/A,N/A,Summer,3,No,PayPal,Free Shipping,No,Yes,7,Weekly
130,26-35,Male,Hair Care,Beauty & Personal Care,33.79,Michigan,N/A,N/A,Fall,5,No,Debit Card,Standard,No,No,6,Quarterly
131,36-45,Male,Sweater,Clothing,125.33,New Jersey,XS,Green,Winter,3,No,Debit Card,Express,No,Yes,5,Annually
132,36-45,Female,Wallet,Accessories,67.86,New York,N/A,Green,Fall,5,Yes,Cash,Standard,No,No,4,Weekly
133,36-45,Male,Novel,Books & Media,35.31,Michigan,N/A,N/A,Fall,5,No,Cash,Standard,No,No,8,Monthly
134,36-45,Female,Makeup,Beauty & Personal Care,47.17,New York,N/A,N/A,Summer,5,Yes,Bank Transfer,Next Day Delivery,No,No,5,Annually
135,56-65,Female,Kitchenware,Home & Garden,62.61,Illinois,N/A,N/A,Winter,5,No,Debit Card,Next Day Delivery,No,No,6,Weekly
136,46-55,Female,Laptop,Electronics,336.72,New York,N/A,N/A,Winter,4,No,Bank Transfer,Next Day Delivery,Yes,No,5,Weekly
137,46-55,Male,Dress,Clothing,139.67,North Carolina,XS,Red,Fall,5,No,Debit Card,Free Shipping,No,No,7,Monthly
138,18-25,Female,Jewelry,Accessories,44.74,California,N/A,Green,Fall,5,No,Bank Transfer,Express,No,No,3,Weekly
139,65+,Male,DVD,Books & Media,25.51,New Jersey,N/A,N/A,Winter,4,No,Credit Card,Express,Yes,No,8,Weekly
140,18-25,Male,Bedding,Home & Garden,163.64,Texas,N/A,N/A,Spring,5,Yes,Cash,Express,Yes,No,7,Quarterly
141,46-55,Male,Bike,Sports & Outdoors,201.85,Michigan,N/A,N/A,Summer,5,Yes,PayPal,Standard,Yes,No,4,Quarterly
142,56-65,Other,Hair Care,Beauty & Personal Care,69.38,California,N/A,N/A,Fall,5,Yes,Cash,Free Shipping,Yes,Yes,4,Quarterly
143,26-35,Other,Fitness Equipment,Sports & Outdoors,136.22,New Jersey,N/A,N/A,Fall,4,No,Bank Transfer,Next Day Delivery,No,No,5,Weekly
144,46-55,Male,Kitchenware,Home & Garden,245.25,Texas,N/A,N/A,Winter,5,No,Credit Card,Express,No,No,2,Annually
145,18-25,Male,Blouse,Clothing,100.89,Pennsylvania,S,White,Summer,5,Yes,Credit Card,Express,No,No,2,Annually
146,26-35,Female,Sunglasses,Accessories,58.14,Florida,N/A,Brown,Spring,4,No,Debit Card,Express,No,Yes,6,Bi-Weekly
147,56-65,Female,Kitchenware,Home & Garden,10.0,Texas,N/A,N/A,Spring,5,No,Cash,Standard,No,No,9,Monthly
148,26-35,Male,Fitness Equipment,Sports & Outdoors,83.3,Florida,N/A,N/A,Fall,5,No,Credit Card,Express,No,No,5,Quarterly
149,56-65,Female,Camera,Electronics,354.2,Texas,N/A,N/A,Winter,5,Yes,PayPal,Next Day Delivery,No,Yes,2,Annually
150,56-65,Female,Tablet,Electronics,418.01,North Carolina,N/A,N/A,Summer,5,No,Bank Transfer,Standard,No,No,5,Annually
151,36-45,Female,Novel,Books & Media,34.96,California,N/A,N/A,Winter,5,No,PayPal,Free Shipping,No,No,6,Weekly
152,46-55,Female,Novel,Books & Media,17.43,Texas,N/A,N/A,Fall,4,Yes,Bank Transfer,Express,No,No,8,Weekly
153,26-35,Male,Garden Tools,Home & Garden,314.5,New Jersey,N/A,N/A,Fall,5,No,PayPal,Next Day Delivery,Yes,Yes,9,Quarterly
154,56-65,Male,Skincare,Beauty & Personal Care,22.94,Virginia,N/A,N/A,Spring,4,No,Bank Transfer,Express,No,No,6,Quarterly
155,46-55,Male,Jewelry,Accessories,122.51,Pennsylvania,N/A,Brown,Winter,4,Yes,PayPal,Free Shipping,No,No,10,Weekly
156,36-45,Male,Hair Care,Beauty & Personal Care,56.56,New Jersey,N/A,N/A,Fall,5,Yes,Debit Card,Express,Yes,No,5,Quarterly
157,18-25,Female,Smartphone,Electronics,160.82,Texas,N/A,N/A,Winter,5,No,Credit Card,Next Day Delivery,No,No,1,Bi-Weekly
158,56-65,Male,Sweater,Clothing,88.34,North Carolina,XL,Blue,Spring,5,No,PayPal,Next Day Delivery,Yes,No,4,Quarterly
159,65+,Other,Dress,Clothing,50.48,Michigan,M,Blue,Spring,5,No,Bank Transfer,Express,No,No,4,Bi-Weekly
160,65+,Male,Magazine,Books & Media,10.0,Texas,N/A,N/A,Fall,5,No,Bank Transfer,Next Day Delivery,Yes,No,5,Weekly
161,36-45,Female,Jewelry,Accessories,130.96,North Carolina,N/A,Brown,Spring,4,Yes,Bank Transfer,Next Day Delivery,No,No,2,Weekly
162,26-35,Female,Decor,Home & Garden,197.4,Pennsylvania,N/A,N/A,Fall,4,No,Credit Card,Express,No,No,5,Bi-Weekly
163,56-65,Female,Skincare,Beauty & Personal Care,48.8,Florida,N/A,N/A,Spring,4,No,Credit Card,Express,No,No,6,Quarterly
164,46-55,Male,DVD,Books & Media,30.77,Florida,N/A,N/A,Fall,5,No,Debit Card,Next Day Delivery,Yes,Yes,7,Annually
165,56-65,Female,Smartphone,Electronics,502.72,Florida,N/A,N/A,Summer,5,No,Bank Transfer,Standard,No,Yes,7,Weekly
166,36-45,Male,Music Album,Books & Media,19.67,Georgia,N/A,N/A,Winter,4,No,PayPal,Next Day Delivery,No,No,2,Bi-Weekly
167,56-65,Male,Headphones,Electronics,471.0,Ohio,N/A,N/A,Spring,3,Yes,Debit Card,Free Shipping,No,No,5,Annually
168,65+,Female,Furniture,Home & Garden,132.31,New York,N/A,N/A,Winter,5,Yes,Bank Transfer,Standard,No,No,4,Weekly
169,26-35,Female,Kitchenware,Home & Garden,25.0,Florida,N/A,N/A,Fall,4,No,Debit Card,Next Day Delivery,No,No,8,Weekly
170,18-25,Male,Music Album,Books & Media,19.71,Florida,N/A,N/A,Summer,5,Yes,PayPal,Express,No,No,5,Annually
171,56-65,Female,Fitness Equipment,Sports & Outdoors,105.04,Ohio,N/A,N/A,Spring,5,No,PayPal,Standard,Yes,No,7,Quarterly
172,18-25,Female,Bike,Sports & Outdoors,60.26,Michigan,N/A,N/A,Winter,5,No,PayPal,Next Day Delivery,Yes,No,4,Weekly
173,46-55,Female,Dress,Clothing,84.69,Florida,XL,Red,Fall,5,No,Credit Card,Free Shipping,No,No,5,Weekly
174,26-35,Female,Fragrance,Beauty & Personal Care,39.95,North Carolina,N/A,N/A,Spring,5,No,PayPal,Next Day Delivery,No,Yes,8,Monthly
175,26-35,Female,Camping Gear,Sports & Outdoors,181.29,Texas,N/A,N/A,Spring,5,No,Bank Transfer,Express,No,No,7,Monthly
176,36-45,Male,Boots,Footwear,146.84,Texas,S,Blue,Summer,5,Yes,Cash,Express,Yes,No,5,Weekly
177,26-35,Female,Music Album,Books & Media,30.21,Michigan,N/A,N/A,Winter,3,No,Bank Transfer,Next Day Delivery,No,No,5,Monthly
178,26-35,Female,Novel,Books & Media,25.06,Georgia,N/A,N/A,Winter,5,No,Debit Card,Next Day Delivery,No,No,6,Annually
179,18-25,Male,Fitness Equipment,Sports & Outdoors,189.03,Illinois,N/A,N/A,Winter,4,No,PayPal,Standard,No,No,6,Weekly
180,36-45,Male,Furniture,Home & Garden,140.55,New Jersey,N/A,N/A,Spring,5,No,Bank Transfer,Free Shipping,No,No,8,Quarterly
181,56-65,Male,Board Game,Toys & Games,28.03,Georgia,N/A,N/A,Summer,3,Yes,Debit Card,Free Shipping,No,No,7,Annually
182,26-35,Male,Jacket,Clothing,81.03,Texas,M,Gray,Spring,5,No,Bank Transfer,Express,No,No,8,Weekly
183,26-35,Male,Music Album,Books & Media,26.41,North Carolina,N/A,N/A,Summer,5,No,Debit Card,Next Day Delivery,No,Yes,5,Monthly
184,46-55,Male,Hair Care,Beauty & Personal Care,67.01,New Jersey,N/A,N/A,Spring,5,No,Debit Card,Standard,No,No,4,Monthly
185,18-25,Male,Video Game,Toys & Games,40.51,Illinois,N/A,N/A,Fall,3,Yes,Bank Transfer,Express,Yes,Yes,6,Monthly
186,18-25,Female,Sandals,Footwear,211.91,Illinois,L,White,Spring,5,No,Debit Card,Free Shipping,No,No,4,Monthly
187,26-35,Male,Board Game,Toys & Games,36.05,New Jersey,N/A,N/A,Winter,5,Yes,Bank Transfer,Next Day Delivery,No,No,4,Weekly
188,36-45,Female,Kitchenware,Home & Garden,242.95,New York,N/A,N/A,Fall,5,No,PayPal,Express,No,No,9,Bi-Weekly
189,26-35,Male,Sneakers,Footwear,71.73,Illinois,XS,Green,Spring,4,No,Debit Card,Express,No,No,7,Annually
190,46-55,Male,Boots,Footwear,121.51,Florida,XL,Brown,Summer,4,Yes,PayPal,Standard,Yes,No,6,Quarterly
191,36-45,Female,Jewelry,Accessories,77.63,Michigan,N/A,Blue,Winter,4,No,Cash,Express,No,No,5,Monthly
192,46-55,Male,Sunglasses,Accessories,59.91,New Jersey,N/A,Green,Winter,5,No,PayPal,Next Day Delivery,No,No,6,Quarterly
193,56-65,Female,Video Game,Toys & Games,46.58,Florida,N/A,N/A,Summer,5,No,Bank Transfer,Express,No,No,2,Monthly
194,18-25,Male,DVD,Books & Media,40.31,North Carolina,N/A,N/A,Spring,4,Yes,Bank Transfer,Standard,Yes,No,5,Monthly
195,18-25,Male,Sandals,Footwear,113.44,Georgia,XL,White,Winter,5,Yes,Credit Card,Express,No,No,5,Quarterly
196,36-45,Female,Jacket,Clothing,77.31,California,L,Green,Fall,4,No,Cash,Free Shipping,No,No,4,Weekly
197,36-45,Male,Watch,Accessories,22.12,Pennsylvania,N/A,Black,Fall,5,No,Cash,Express,No,Yes,7,Weekly
198,36-45,Female,Magazine,Books & Media,18.54,Virginia,N/A,N/A,Winter,5,Yes,PayPal,Standard,No,No,10,Weekly
199,18-25,Female,Kitchenware,Home & Garden,62.72,Florida,N/A,N/A,Winter,5,No,Credit Card,Next Day Delivery,Yes,No,3,Bi-Weekly
200,36-45,Female,Smartphone,Electronics,317.84,New York,N/A,N/A,Winter,5,No,Bank Transfer,Free Shipping,Yes,No,7,Weekly
201,18-25,Male,Novel,Books & Media,20.26,New Jersey,N/A,N/A,Summer,4,No,Cash,Next Day Delivery,No,No,2,Quarterly
202,18-25,Male,Camping Gear,Sports & Outdoors,109.13,Michigan,N/A,N/A,Winter,5,Yes,Cash,Standard,No,No,7,Annually
203,36-45,Other,Smartwatch,Electronics,92.07,North Carolina,N/A,N/A,Spring,4,No,PayPal,Free Shipping,No,Yes,7,Weekly
204,65+,Male,Hair Care,Beauty & Personal Care,15.27,Illinois,N/A,N/A,Spring,5,No,Debit Card,Standard,No,No,6,Monthly
205,26-35,Male,Smartwatch,Electronics,620.19,Virginia,N/A,N/A,Fall,5,No,Cash,Standard,Yes,No,4,Monthly
206,56-65,Female,Camping Gear,Sports & Outdoors,227.5,New Jersey,N/A,N/A,Winter,5,No,PayPal,Express,No,No,5,Bi-Weekly
207,18-25,Female,Novel,Books & Media,23.75,Illinois,N/A,N/A,Summer,5,No,Credit Card,Express,No,No,6,Weekly
208,36-45,Female,Garden Tools,Home & Garden,56.19,Ohio,N/A,N/A,Winter,5,No,Debit Card,Standard,No,No,7,Bi-Weekly
209,36-45,Male,Fitness Equipment,Sports & Outdoors,145.61,New Jersey,N/A,N/A,Fall,4,No,Debit Card,Standard,No,Yes,6,Monthly
210,46-55,Female,Fragrance,Beauty & Personal Care,10.0,Ohio,N/A,N/A,Fall,5,Yes,Cash,Free Shipping,Yes,No,3,Quarterly
211,36-45,Male,Puzzle,Toys & Games,42.73,Texas,N/A,N/A,Winter,5,Yes,Credit Card,Free Shipping,No,No,7,Annually
212,26-35,Male,Puzzle,Toys & Games,45.73,Pennsylvania,N/A,N/A,Spring,5,Yes,Credit Card,Next Day Delivery,No,Yes,7,Monthly
213,36-45,Female,Music Album,Books & Media,23.21,Florida,N/A,N/A,Winter,5,Yes,Debit Card,Free Shipping,No,No,7,Weekly
214,65+,Male,Bike,Sports & Outdoors,114.95,Illinois,N/A,N/A,Spring,5,No,Credit Card,Free Shipping,No,No,6,Monthly
215,56-65,Female,Sneakers,Footwear,130.48,Florida,XL,Gray,Winter,4,Yes,Credit Card,Express,No,No,7,Weekly
216,26-35,Male,Sports Apparel,Sports & Outdoors,80.5,Ohio,N/A,N/A,Spring,5,No,Bank Transfer,Express,Yes,No,2,Quarterly
217,36-45,Male,Bike,Sports & Outdoors,167.31,Texas,N/A,N/A,Summer,4,Yes,Bank Transfer,Next Day Delivery,No,Yes,4,Quarterly
218,36-45,Male,Kitchenware,Home & Garden,67.37,Texas,N/A,N/A,Spring,4,No,Cash,Free Shipping,No,No,8,Annually
219,46-55,Female,Board Game,Toys & Games,42.83,Illinois,N/A,N/A,Fall,4,No,PayPal,Express,No,No,7,Annually
220,36-45,Female,Magazine,Books & Media,16.84,Texas,N/A,N/A,Summer,5,No,Credit Card,Free Shipping,No,No,4,Bi-Weekly
221,65+,Male,Novel,Books & Media,28.27,New Jersey,N/A,N/A,Fall,5,Yes,Debit Card,Standard,No,No,6,Annually
222,56-65,Female,Decor,Home & Garden,174.04,Florida,N/A,N/A,Summer,4,No,Debit Card,Express,No,No,6,Weekly
223,26-35,Female,Boots,Footwear,157.04,Georgia,XS,Blue,Fall,5,Yes,PayPal,Express,No,No,2,Annually
224,18-25,Female,Headphones,Electronics,297.36,Ohio,N/A,N/A,Winter,5,No,Bank Transfer,Free Shipping,No,No,2,Quarterly
225,56-65,Female,Laptop,Electronics,163.84,Pennsylvania,N/A,N/A,Spring,5,No,PayPal,Free Shipping,No,No,3,Annually
226,36-45,Female,Running Shoes,Footwear,175.72,New Jersey,XL,White,Summer,4,Yes,PayPal,Standard,No,Yes,6,Weekly
227,56-65,Female,Sandals,Footwear,153.51,Florida,S,Blue,Summer,5,No,Debit Card,Next Day Delivery,No,No,3,Weekly
228,36-45,Female,Wallet,Accessories,117.08,North Carolina,N/A,Blue,Summer,4,No,Debit Card,Standard,Yes,No,8,Annually
229,65+,Male,Running Shoes,Footwear,184.08,Michigan,S,White,Fall,5,No,Bank Transfer,Standard,Yes,No,7,Weekly
230,18-25,Female,Jeans,Clothing,91.73,Michigan,M,Gray,Summer,5,No,Bank Transfer,Free Shipping,Yes,Yes,2,Annually
231,65+,Male,Jacket,Clothing,76.14,New Jersey,XL,Blue,Fall,5,Yes,PayPal,Express,No,No,5,Quarterly
232,36-45,Male,Novel,Books & Media,30.85,Virginia,N/A,N/A,Spring,4,Yes,Cash,Free Shipping,No,No,7,Quarterly
233,46-55,Female,Magazine,Books & Media,25.48,Pennsylvania,N/A,N/A,Summer,5,Yes,Debit Card,Next Day Delivery,No,No,5,Monthly
234,46-55,Female,Sandals,Footwear,136.59,North Carolina,XL,Black,Fall,5,No,Cash,Free Shipping,No,No,6,Weekly
235,36-45,Male,Magazine,Books & Media,39.84,Florida,N/A,N/A,Spring,5,No,Credit Card,Next Day Delivery,Yes,Yes,6,Quarterly
236,56-65,Female,Makeup,Beauty & Personal Care,52.11,Florida,N/A,N/A,Fall,5,Yes,Bank Transfer,Next Day Delivery,No,Yes,5,Bi-Weekly
237,26-35,Other,Music Album,Books & Media,11.56,Georgia,N/A,N/A,Fall,4,No,PayPal,Standard,No,No,7,Weekly
238,46-55,Male,Video Game,Toys & Games,10.95,New York,N/A,N/A,Summer,4,No,Bank Transfer,Next Day Delivery,Yes,No,3,Weekly
239,18-25,Female,Bedding,Home & Garden,26.78,Michigan,N/A,N/A,Winter,4,No,Debit Card,Standard,No,No,9,Weekly
240,46-55,Female,Sandals,Footwear,219.17,Virginia,M,Brown,Winter,5,Yes,Debit Card,Standard,No,No,3,Quarterly
241,18-25,Female,Action Figure,Toys & Games,53.98,Pennsylvania,N/A,N/A,Fall,3,No,Credit Card,Free Shipping,No,No,7,Annually
242,46-55,Male,Puzzle,Toys & Games,29.47,Michigan,N/A,N/A,Spring,4,No,Cash,Standard,Yes,No,4,Quarterly
243,36-45,Male,Sports Apparel,Sports & Outdoors,150.76,Florida,N/A,N/A,Summer,5,No,Bank Transfer,Free Shipping,No,No,6,Annually
244,18-25,Female,Shirt,Clothing,40.54,Florida,M,Brown,Winter,5,No,Bank Transfer,Free Shipping,No,No,6,Bi-Weekly
245,56-65,Female,Action Figure,Toys & Games,44.76,Pennsylvania,N/A,N/A,Fall,5,Yes,Cash,Free Shipping,No,No,7,Annually
246,65+,Male,Garden Tools,Home & Garden,29.75,Pennsylvania,N/A,N/A,Winter,5,No,Bank Transfer,Next Day Delivery,No,No,6,Quarterly
247,18-25,Female,Sports Apparel,Sports & Outdoors,173.49,New Jersey,N/A,N/A,Spring,5,No,PayPal,Next Day Delivery,No,No,6,Weekly
248,56-65,Male,DVD,Books & Media,34.38,New Jersey,N/A,N/A,Summer,5,No,Credit Card,Free Shipping,No,No,6,Bi-Weekly
249,56-65,Female,Makeup,Beauty & Personal Care,40.24,New Jersey,N/A,N/A,Summer,4,No,Credit Card,Standard,No,No,4,Bi-Weekly
250,18-25,Female,DVD,Books & Media,27.69,Ohio,N/A,N/A,Summer,5,No,PayPal,Express,No,No,5,Quarterly
251,56-65,Male,Novel,Books & Media,10.0,Virginia,N/A,N/A,Summer,4,No,Bank Transfer,Express,No,No,5,Annually
252,36-45,Male,Music Album,Books & Media,29.09,Pennsylvania,N/A,N/A,Summer,4,No,PayPal,Next Day Delivery,No,Yes,8,Annually
253,36-45,Male,Garden Tools,Home & Garden,109.43,Georgia,N/A,N/A,Summer,5,No,Cash,Next Day Delivery,Yes,No,5,Annually
254,36-45,Male,Sunglasses,Accessories,23.26,Illinois,N/A,Gray,Summer,5,No,PayPal,Next Day Delivery,No,No,5,Quarterly
255,36-45,Female,Puzzle,Toys & Games,33.75,Illinois,N/A,N/A,Spring,5,Yes,Bank Transfer,Free Shipping,No,No,3,Quarterly
256,36-45,Male,Sandals,Footwear,129.28,California,M,Gray,Spring,4,No,Debit Card,Free Shipping,No,No,6,Monthly
257,65+,Female,Magazine,Books & Media,30.51,New York,N/A,N/A,Fall,5,Yes,Bank Transfer,Next Day Delivery,No,No,3,Bi-Weekly
258,18-25,Male,Handbag,Accessories,103.62,California,N/A,Gray,Summer,5,No,Cash,Standard,No,No,6,Weekly
259,46-55,Male,Bike,Sports & Outdoors,128.99,Texas,N/A,N/A,Summer,5,No,Credit Card,Express,No,No,2,Quarterly
260,65+,Female,Music Album,Books & Media,26.9,New Jersey,N/A,N/A,Summer,4,No,Debit Card,Next Day Delivery,Yes,No,5,Monthly
261,65+,Male,Blouse,Clothing,47.51,Texas,XL,White,Spring,5,Yes,Cash,Free Shipping,No,No,10,Bi-Weekly
262,18-25,Female,Fragrance,Beauty & Personal Care,28.36,Florida,N/A,N/A,Fall,5,No,Credit Card,Standard,No,Yes,8,Monthly
263,56-65,Male,Headphones,Electronics,132.28,Illinois,N/A,N/A,Winter,3,No,Bank Transfer,Free Shipping,No,No,6,Bi-Weekly
264,56-65,Male,DVD,Books & Media,31.93,New York,N/A,N/A,Spring,4,No,Debit Card,Express,Yes,No,6,Quarterly
265,65+,Male,Kitchenware,Home & Garden,213.23,California,N/A,N/A,Fall,4,No,Debit Card,Express,No,Yes,5,Bi-Weekly
266,56-65,Male,Fragrance,Beauty & Personal Care,51.8,North Carolina,N/A,N/A,Fall,4,No,Credit Card,Free Shipping,No,No,8,Weekly
267,26-35,Female,Heels,Footwear,49.97,Pennsylvania,S,Black,Fall,5,No,PayPal,Express,No,No,7,Quarterly
268,36-45,Male,Sports Apparel,Sports & Outdoors,110.86,Michigan,N/A,N/A,Spring,3,Yes,Debit Card,Next Day Delivery,Yes,Yes,5,Bi-Weekly
269,18-25,Male,Tablet,Electronics,343.8,Illinois,N/A,N/A,Summer,4,No,PayPal,Next Day Delivery,Yes,No,4,Weekly
270,65+,Male,Decor,Home & Garden,184.0,Michigan,N/A,N/A,Summer,5,Yes,Cash,Express,No,No,7,Quarterly
271,26-35,Male,DVD,Books & Media,28.28,Ohio,N/A,N/A,Winter,5,No,Bank Transfer,Express,Yes,No,3,Bi-Weekly
272,65+,Male,Smartwatch,Electronics,584.85,Georgia,N/A,N/A,Fall,5,No,Credit Card,Standard,No,No,3,Weekly
273,56-65,Male,Action Figure,Toys & Games,74.31,Michigan,N/A,N/A,Summer,5,No,Cash,Next Day Delivery,No,No,3,Annually
274,46-55,Female,Camera,Electronics,177.61,New York,N/A,N/A,Winter,4,No,Credit Card,Free Shipping,No,No,7,Weekly
275,46-55,Female,Running Shoes,Footwear,117.86,Ohio,L,Green,Spring,4,Yes,Bank Transfer,Free Shipping,No,No,5,Monthly
276,65+,Female,Jacket,Clothing,76.74,Illinois,XS,Gray,Summer,4,No,Bank Transfer,Standard,No,No,5,Weekly
277,46-55,Male,Fitness Equipment,Sports & Outdoors,163.82,North Carolina,N/A,N/A,Spring,5,No,Credit Card,Free Shipping,Yes,No,3,Weekly
278,36-45,Female,Makeup,Beauty & Personal Care,70.5,Florida,N/A,N/A,Winter,4,No,Debit Card,Free Shipping,Yes,No,9,Quarterly
279,46-55,Male,Skincare,Beauty & Personal Care,50.93,New Jersey,N/A,N/A,Summer,4,No,Debit Card,Standard,No,No,8,Bi-Weekly
280,56-65,Male,Makeup,Beauty & Personal Care,54.26,Virginia,N/A,N/A,Summer,5,Yes,Credit Card,Standard,Yes,No,4,Monthly
281,46-55,Male,Video Game,Toys & Games,42.66,North Carolina,N/A,N/A,Winter,5,No,Cash,Express,No,No,6,Quarterly
282,36-45,Male,Sandals,Footwear,171.53,New York,XS,Black,Winter,4,No,Bank Transfer,Standard,No,No,6,Bi-Weekly
283,26-35,Male,Smartphone,Electronics,469.93,Michigan,N/A,N/A,Spring,3,Yes,PayPal,Standard,No,No,10,Bi-Weekly
284,65+,Other,Jacket,Clothing,28.06,Georgia,S,Green,Summer,4,No,Credit Card,Express,No,No,5,Annually
285,36-45,Male,Wallet,Accessories,138.59,Michigan,N/A,Blue,Fall,5,No,Cash,Next Day Delivery,No,No,2,Bi-Weekly
286,65+,Female,Action Figure,Toys & Games,26.04,Ohio,N/A,N/A,Fall,4,No,Debit Card,Standard,Yes,No,11,Annually
287,56-65,Female,Casual Shoes,Footwear,138.38,New Jersey,L,Green,Winter,5,Yes,Credit Card,Next Day Delivery,No,No,6,Quarterly
288,56-65,Female,Bike,Sports & Outdoors,10.0,Ohio,N/A,N/A,Summer,5,No,Debit Card,Free Shipping,No,Yes,6,Bi-Weekly
289,56-65,Female,Magazine,Books & Media,30.63,New York,N/A,N/A,Fall,5,No,Cash,Free Shipping,No,No,2,Weekly
290,56-65,Female,Fragrance,Beauty & Personal Care,27.4,North Carolina,N/A,N/A,Summer,5,No,PayPal,Express,No,No,7,Monthly
291,26-35,Female,Fitness Equipment,Sports & Outdoors,10.0,Georgia,N/A,N/A,Fall,5,Yes,Credit Card,Express,Yes,No,6,Weekly
292,36-45,Female,Skincare,Beauty & Personal Care,67.26,Texas,N/A,N/A,Summer,5,Yes,Bank Transfer,Express,No,No,7,Quarterly
293,26-35,Male,Sports Apparel,Sports & Outdoors,79.01,California,N/A,N/A,Summer,4,No,Cash,Standard,No,No,4,Quarterly
294,26-35,Male,Jewelry,Accessories,82.14,New York,N/A,Green,Fall,5,No,Debit Card,Free Shipping,No,Yes,7,Quarterly
295,56-65,Male,Sports Apparel,Sports & Outdoors,49.1,Illinois,N/A,N/A,Fall,4,Yes,Bank Transfer,Free Shipping,No,No,5,Quarterly
296,18-25,Female,DVD,Books & Media,17.39,New York,N/A,N/A,Fall,4,Yes,Debit Card,Free Shipping,Yes,No,6,Weekly
297,56-65,Female,Wallet,Accessories,86.18,Florida,N/A,Black,Fall,5,Yes,Bank Transfer,Free Shipping,No,No,5,Monthly
298,26-35,Female,Sunglasses,Accessories,18.95,New York,N/A,Red,Summer,5,No,PayPal,Next Day Delivery,No,No,9,Monthly
299,46-55,Female,Music Album,Books & Media,34.51,Florida,N/A,N/A,Fall,5,No,Cash,Express,No,No,5,Annually
300,46-55,Female,Running Shoes,Footwear,101.67,New Jersey,XS,Green,Spring,4,No,Credit Card,Standard,No,No,6,Weekly
301,46-55,Male,Casual Shoes,Footwear,142.1,New York,XS,Gray,Summer,5,Yes,Credit Card,Express,No,No,6,Annually
302,46-55,Female,Fitness Equipment,Sports & Outdoors,84.18,Michigan,N/A,N/A,Winter,3,No,PayPal,Standard,Yes,No,5,Weekly
303,56-65,Female,Video Game,Toys & Games,43.02,California,N/A,N/A,Spring,4,No,Bank Transfer,Next Day Delivery,Yes,No,5,Annually
304,36-45,Male,Sweater,Clothing,111.87,Virginia,L,Brown,Summer,4,Yes,Credit Card,Standard,No,No,8,Annually
305,26-35,Female,Handbag,Accessories,66.03,Michigan,N/A,Green,Fall,5,No,Debit Card,Next Day Delivery,No,No,4,Quarterly
306,18-25,Male,Bike,Sports & Outdoors,43.4,Georgia,N/A,N/A,Summer,5,No,Cash,Next Day Delivery,Yes,Yes,3,Weekly
307,65+,Male,Shirt,Clothing,29.48,Ohio,L,Red,Winter,5,Yes,Credit Card,Standard,No,No,6,Bi-Weekly
308,18-25,Female,Music Album,Books & Media,32.51,New Jersey,N/A,N/A,Fall,5,No,Bank Transfer,Standard,Yes,Yes,6,Annually
309,18-25,Female,Handbag,Accessories,85.35,Virginia,N/A,Green,Winter,5,No,Debit Card,Standard,No,No,8,Weekly
310,65+,Female,Garden Tools,Home & Garden,167.18,Michigan,N/A,N/A,Spring,4,No,Cash,Next Day Delivery,No,No,4,Weekly
311,26-35,Female,Casual Shoes,Footwear,152.02,Ohio,XS,Blue,Summer,5,Yes,Bank Transfer,Express,Yes,Yes,6,Annually
312,46-55,Female,Puzzle,Toys & Games,32.14,Ohio,N/A,N/A,Summer,4,No,Credit Card,Next Day Delivery,No,No,5,Weekly
313,18-25,Female,Makeup,Beauty & Personal Care,10.85,Texas,N/A,N/A,Fall,4,No,Bank Transfer,Free Shipping,No,No,5,Monthly
314,18-25,Male,Bedding,Home & Garden,25.71,Georgia,N/A,N/A,Summer,4,No,Debit Card,Free Shipping,Yes,No,6,Quarterly
315,26-35,Male,Skincare,Beauty & Personal Care,63.23,Michigan,N/A,N/A,Fall,5,No,Cash,Standard,No,No,8,Weekly
316,36-45,Female,Heels,Footwear,125.29,Virginia,S,Gray,Winter,5,Yes,Debit Card,Next Day Delivery,No,No,4,Weekly
317,18-25,Female,Dress,Clothing,77.16,Georgia,M,Brown,Fall,3,No,Credit Card,Express,Yes,Yes,9,Weekly
318,26-35,Male,Fragrance,Beauty & Personal Care,40.76,North Carolina,N/A,N/A,Winter,4,No,Credit Card,Standard,No,No,8,Weekly
319,36-45,Female,Board Game,Toys & Games,18.83,Michigan,N/A,N/A,Fall,5,Yes,PayPal,Standard,No,No,8,Monthly
320,46-55,Male,Skincare,Beauty & Personal Care,32.27,Virginia,N/A,N/A,Summer,4,No,Bank Transfer,Express,No,No,3,Quarterly
321,26-35,Female,Sandals,Footwear,122.95,Illinois,M,Red,Summer,4,No,Credit Card,Express,Yes,No,5,Quarterly
322,36-45,Female,Hair Care,Beauty & Personal Care,53.94,Georgia,N/A,N/A,Spring,4,No,Debit Card,Next Day Delivery,No,No,4,Bi-Weekly
323,65+,Male,Magazine,Books & Media,36.57,Georgia,N/A,N/A,Spring,5,Yes,Cash,Next Day Delivery,No,Yes,3,Weekly
324,46-55,Male,Bike,Sports & Outdoors,187.2,Pennsylvania,N/A,N/A,Winter,5,No,Debit Card,Free Shipping,No,No,12,Annually
325,26-35,Male,Decor,Home & Garden,212.01,Michigan,N/A,N/A,Summer,4,Yes,PayPal,Next Day Delivery,No,No,8,Bi-Weekly
326,46-55,Female,Sports Apparel,Sports & Outdoors,143.18,Virginia,N/A,N/A,Winter,5,No,Bank Transfer,Express,Yes,No,1,Monthly
327,46-55,Other,Bedding,Home & Garden,270.61,Pennsylvania,N/A,N/A,Spring,5,No,Bank Transfer,Express,No,No,6,Annually
328,56-65,Female,Casual Shoes,Footwear,85.39,North Carolina,XS,Gray,Winter,5,No,Cash,Free Shipping,Yes,No,5,Monthly
329,65+,Male,Tablet,Electronics,339.83,New Jersey,N/A,N/A,Winter,5,No,Cash,Next Day Delivery,No,Yes,3,Bi-Weekly
330,36-45,Female,Casual Shoes,Footwear,59.53,Ohio,L,Black,Winter,3,Yes,Bank Transfer,Free Shipping,Yes,Yes,8,Annually
331,46-55,Female,Video Game,Toys & Games,29.62,North Carolina,N/A,N/A,Spring,5,No,Debit Card,Standard,Yes,No,4,Weekly
332,26-35,Female,Camping Gear,Sports & Outdoors,105.11,New Jersey,N/A,N/A,Spring,5,Yes,Bank Transfer,Free Shipping,No,No,5,Monthly
333,46-55,Female,Smartphone,Electronics,258.47,Texas,N/A,N/A,Fall,5,No,Cash,Express,No,Yes,5,Quarterly
334,36-45,Male,Fragrance,Beauty & Personal Care,30.76,New Jersey,N/A,N/A,Summer,4,No,Debit Card,Standard,No,No,7,Quarterly
335,18-25,Male,Bedding,Home & Garden,57.65,Texas,N/A,N/A,Spring,4,No,Cash,Next Day Delivery,Yes,Yes,8,Monthly
336,36-45,Male,Magazine,Books & Media,10.0,North Carolina,N/A,N/A,Winter,4,Yes,Debit Card,Free Shipping,No,No,7,Weekly
337,46-55,Male,DVD,Books & Media,31.05,Texas,N/A,N/A,Fall,5,No,Credit Card,Standard,No,No,8,Weekly
338,36-45,Female,Camera,Electronics,623.09,Florida,N/A,N/A,Summer,5,No,Bank Transfer,Express,No,No,3,Annually
339,26-35,Other,Bike,Sports & Outdoors,52.86,Georgia,N/A,N/A,Summer,5,No,PayPal,Express,No,No,6,Bi-Weekly
340,65+,Female,Fragrance,Beauty & Personal Care,31.46,California,N/A,N/A,Summer,5,No,PayPal,Free Shipping,No,No,6,Quarterly
341,18-25,Female,Handbag,Accessories,101.35,Illinois,N/A,Brown,Spring,3,No,Bank Transfer,Standard,Yes,No,6,Annually
342,26-35,Male,Sports Apparel,Sports & Outdoors,50.73,New York,N/A,N/A,Winter,5,Yes,Credit Card,Next Day Delivery,No,No,6,Quarterly
343,56-65,Female,Bike,Sports & Outdoors,110.75,Michigan,N/A,N/A,Winter,5,Yes,Bank Transfer,Standard,Yes,No,6,Monthly
344,36-45,Female,Magazine,Books & Media,53.68,New Jersey,N/A,N/A,Fall,4,No,Bank Transfer,Standard,No,No,4,Bi-Weekly
345,36-45,Male,Laptop,Electronics,637.35,Illinois,N/A,N/A,Spring,3,No,Cash,Next Day Delivery,Yes,No,5,Bi-Weekly
346,56-65,Female,Fragrance,Beauty & Personal Care,73.73,Michigan,N/A,N/A,Summer,5,No,Bank Transfer,Free Shipping,No,Yes,5,Quarterly
347,26-35,Male,Magazine,Books & Media,36.7,North Carolina,N/A,N/A,Summer,4,No,PayPal,Next Day Delivery,No,No,5,Bi-Weekly
348,26-35,Male,Bike,Sports & Outdoors,118.06,Michigan,N/A,N/A,Spring,5,No,Debit Card,Standard,Yes,Yes,10,Quarterly
349,26-35,Female,Jewelry,Accessories,58.31,North Carolina,N/A,Green,Winter,4,No,PayPal,Free Shipping,Yes,No,9,Quarterly
350,65+,Male,Music Album,Books & Media,21.01,Florida,N/A,N/A,Spring,5,No,Bank Transfer,Standard,No,Yes,4,Bi-Weekly
351,36-45,Female,Dress,Clothing,80.88,New York,XL,Blue,Summer,4,No,PayPal,Free Shipping,Yes,No,5,Annually
352,56-65,Female,Smartwatch,Electronics,219.19,Texas,N/A,N/A,Fall,4,No,Bank Transfer,Next Day Delivery,No,No,7,Annually
353,18-25,Female,Magazine,Books & Media,14.74,Ohio,N/A,N/A,Spring,5,No,Cash,Next Day Delivery,No,No,5,Weekly
354,46-55,Other,Decor,Home & Garden,248.4,Texas,N/A,N/A,Winter,4,No,Credit Card,Express,Yes,No,7,Bi-Weekly
355,65+,Female,Bike,Sports & Outdoors,10.0,Florida,N/A,N/A,Summer,5,No,Cash,Express,No,No,6,Weekly
356,56-65,Female,Sports Apparel,Sports & Outdoors,28.67,Michigan,N/A,N/A,Summer,4,No,Debit Card,Next Day Delivery,No,No,4,Monthly
357,56-65,Male,Garden Tools,Home & Garden,323.2,New Jersey,N/A,N/A,Spring,4,No,Cash,Free Shipping,No,No,7,Weekly
358,36-45,Male,Casual Shoes,Footwear,179.53,Florida,S,White,Fall,4,No,Cash,Free Shipping,No,Yes,9,Quarterly
359,26-35,Female,Bedding,Home & Garden,184.88,Ohio,N/A,N/A,Winter,5,No,Credit Card,Standard,No,No,6,Quarterly
360,56-65,Male,Decor,Home & Garden,10.0,Georgia,N/A,N/A,Winter,4,Yes,Debit Card,Standard,No,No,5,Weekly
361,65+,Male,DVD,Books & Media,28.26,Texas,N/A,N/A,Winter,5,No,Cash,Free Shipping,No,No,10,Bi-Weekly
362,46-55,Male,Decor,Home & Garden,246.67,Illinois,N/A,N/A,Fall,5,Yes,Bank Transfer,Express,No,No,4,Annually
363,46-55,Male,Fitness Equipment,Sports & Outdoors,78.97,California,N/A,N/A,Spring,3,No,PayPal,Standard,Yes,No,6,Weekly
364,26-35,Male,Music Album,Books & Media,19.52,California,N/A,N/A,Winter,3,No,Cash,Express,No,No,4,Monthly
365,26-35,Male,Furniture,Home & Garden,318.29,New Jersey,N/A,N/A,Fall,4,Yes,Debit Card,Standard,No,No,3,Monthly
366,65+,Male,Sneakers,Footwear,149.82,Ohio,M,Gray,Summer,3,No,PayPal,Standard,Yes,No,7,Weekly
367,18-25,Female,Jewelry,Accessories,45.46,Texas,N/A,White,Summer,5,No,Bank Transfer,Free Shipping,No,Yes,3,Weekly
368,18-25,Female,Fitness Equipment,Sports & Outdoors,216.21,Ohio,N/A,N/A,Summer,5,No,PayPal,Standard,No,No,3,Bi-Weekly
369,46-55,Female,Camera,Electronics,119.2,Texas,N/A,N/A,Spring,5,No,Debit Card,Next Day Delivery,Yes,No,8,Monthly
370,26-35,Other,Makeup,Beauty & Personal Care,97.9,New Jersey,N/A,N/A,Summer,5,Yes,Credit Card,Standard,No,No,7,Annually
371,65+,Male,Heels,Footwear,183.98,Pennsylvania,S,Gray,Summer,4,No,PayPal,Free Shipping,No,No,4,Bi-Weekly
372,18-25,Female,Laptop,Electronics,10.0,Texas,N/A,N/A,Winter,5,No,Debit Card,Free Shipping,No,No,6,Monthly
373,26-35,Female,Sunglasses,Accessories,85.86,New Jersey,N/A,Black,Summer,5,No,Bank Transfer,Next Day Delivery,No,No,3,Weekly
374,65+,Female,Kitchenware,Home & Garden,50.88,North Carolina,N/A,N/A,Summer,5,Yes,PayPal,Next Day Delivery,No,No,6,Weekly
375,26-35,Female,Music Album,Books & Media,10.0,Texas,N/A,N/A,Summer,5,Yes,PayPal,Standard,No,No,5,Annually
376,18-25,Male,Sports Apparel,Sports & Outdoors,117.17,Florida,N/A,N/A,Winter,5,No,Bank Transfer,Free Shipping,No,No,4,Monthly
377,56-65,Female,Heels,Footwear,131.22,Texas,XS,Green,Spring,4,No,Credit Card,Next Day Delivery,No,No,5,Bi-Weekly
378,18-25,Male,Blouse,Clothing,102.12,Ohio,XL,Blue,Winter,4,No,PayPal,Free Shipping,No,No,3,Weekly
379,65+,Female,Action Figure,Toys & Games,24.56,Illinois,N/A,N/A,Spring,4,No,Debit Card,Standard,No,Yes,5,Annually
380,26-35,Female,Running Shoes,Footwear,74.09,Pennsylvania,L,Green,Spring,4,No,Debit Card,Free Shipping,No,No,7,Bi-Weekly
381,18-25,Female,Watch,Accessories,57.04,Ohio,N/A,Black,Winter,5,Yes,Bank Transfer,Standard,No,No,7,Monthly
382,65+,Female,Sneakers,Footwear,84.04,California,S,Gray,Spring,5,No,Cash,Free Shipping,No,No,9,Monthly
383,56-65,Male,Puzzle,Toys & Games,63.47,Florida,N/A,N/A,Fall,5,No,Cash,Next Day Delivery,Yes,No,9,Weekly
384,18-25,Male,Bike,Sports & Outdoors,53.13,Illinois,N/A,N/A,Spring,4,No,Debit Card,Standard,Yes,No,5,Quarterly
385,46-55,Female,Puzzle,Toys & Games,41.12,California,N/A,N/A,Winter,4,Yes,Bank Transfer,Express,No,No,6,Monthly
386,26-35,Female,Furniture,Home & Garden,194.06,Michigan,N/A,N/A,Spring,5,No,Cash,Standard,Yes,No,8,Weekly
387,18-25,Female,Watch,Accessories,44.28,Georgia,N/A,Blue,Winter,5,No,Cash,Express,Yes,Yes,8,Weekly
388,56-65,Female,Makeup,Beauty & Personal Care,61.4,Pennsylvania,N/A,N/A,Summer,4,No,PayPal,Next Day Delivery,No,No,9,Monthly
389,18-25,Male,Fitness Equipment,Sports & Outdoors,114.36,North Carolina,N/A,N/A,Spring,5,No,Cash,Express,No,No,6,Annually
390,18-25,Other,Skincare,Beauty & Personal Care,48.75,Georgia,N/A,N/A,Fall,3,No,Debit Card,Next Day Delivery,No,No,8,Weekly
391,56-65,Female,Novel,Books & Media,10.0,Pennsylvania,N/A,N/A,Summer,5,No,Debit Card,Next Day Delivery,No,Yes,8,Annually
392,26-35,Other,DVD,Books & Media,42.46,Michigan,N/A,N/A,Winter,4,No,Cash,Express,No,No,3,Bi-Weekly
393,18-25,Male,Skincare,Beauty & Personal Care,30.71,New York,N/A,N/A,Fall,5,Yes,Credit Card,Next Day Delivery,Yes,No,6,Weekly
394,65+,Female,Hair Care,Beauty & Personal Care,55.43,Texas,N/A,N/A,Summer,3,Yes,Bank Transfer,Express,Yes,No,3,Quarterly
395,46-55,Male,Pants,Clothing,57.78,Virginia,M,Black,Spring,5,No,Cash,Free Shipping,No,No,4,Monthly
396,46-55,Other,Smartwatch,Electronics,618.65,Texas,N/A,N/A,Summer,3,No,PayPal,Standard,No,No,7,Annually
397,56-65,Male,Jacket,Clothing,94.94,New Jersey,S,White,Fall,4,No,Debit Card,Next Day Delivery,No,Yes,4,Quarterly
398,65+,Female,Sports Apparel,Sports & Outdoors,76.82,Georgia,N/A,N/A,Fall,4,Yes,Cash,Standard,No,No,7,Bi-Weekly
399,26-35,Male,Laptop,Electronics,215.88,Texas,N/A,N/A,Summer,5,No,PayPal,Free Shipping,Yes,No,4,Monthly
400,46-55,Female,Smartwatch,Electronics,301.5,Pennsylvania,N/A,N/A,Summer,5,Yes,PayPal,Next Day Delivery,No,No,4,Quarterly
401,36-45,Female,Smartphone,Electronics,272.15,Florida,N/A,N/A,Fall,5,Yes,Bank Transfer,Standard,No,No,5,Bi-Weekly
402,36-45,Female,Sneakers,Footwear,75.46,Virginia,S,Blue,Winter,4,No,Bank Transfer,Standard,No,Yes,5,Monthly
403,36-45,Female,Sneakers,Footwear,113.29,Ohio,L,Green,Summer,5,Yes,Credit Card,Free Shipping,Yes,No,6,Weekly
404,26-35,Male,Smartphone,Electronics,482.42,California,N/A,N/A,Summer,5,No,Cash,Express,Yes,Yes,8,Quarterly
405,36-45,Male,Smartwatch,Electronics,459.52,Michigan,N/A,N/A,Fall,5,No,Credit Card,Standard,No,Yes,5,Weekly
406,26-35,Male,Magazine,Books & Media,14.16,Texas,N/A,N/A,Fall,5,No,Credit Card,Standard,Yes,No,5,Quarterly
407,18-25,Male,Running Shoes,Footwear,64.5,Ohio,L,Red,Spring,4,Yes,PayPal,Free Shipping,No,No,3,Bi-Weekly
408,36-45,Male,Handbag,Accessories,135.88,Illinois,N/A,Blue,Winter,5,No,Cash,Standard,Yes,No,4,Annually
409,56-65,Male,Wallet,Accessories,102.78,Illinois,N/A,Red,Winter,5,No,Bank Transfer,Free Shipping,No,No,5,Weekly
410,18-25,Male,Bedding,Home & Garden,282.29,Florida,N/A,N/A,Winter,4,No,Cash,Express,No,No,4,Annually
411,18-25,Female,Hair Care,Beauty & Personal Care,42.14,Georgia,N/A,N/A,Winter,5,No,Debit Card,Next Day Delivery,No,No,10,Quarterly
412,36-45,Female,Sneakers,Footwear,159.35,Pennsylvania,XL,White,Spring,5,No,Debit Card,Standard,No,No,5,Quarterly
413,56-65,Female,Camping Gear,Sports & Outdoors,189.53,Florida,N/A,N/A,Spring,5,Yes,Cash,Express,No,No,5,Monthly
414,56-65,Female,Blouse,Clothing,32.8,New York,XL,Brown,Winter,4,No,Debit Card,Express,No,No,6,Bi-Weekly
415,26-35,Male,Sports Apparel,Sports & Outdoors,155.16,Michigan,N/A,N/A,Spring,5,No,Debit Card,Express,No,Yes,9,Annually
416,26-35,Male,DVD,Books & Media,13.13,Florida,N/A,N/A,Winter,5,No,Credit Card,Standard,No,No,6,Weekly
417,26-35,Female,Watch,Accessories,78.8,North Carolina,N/A,Red,Spring,4,Yes,Debit Card,Express,No,No,4,Bi-Weekly
418,36-45,Female,Sandals,Footwear,56.05,California,XS,White,Summer,5,No,Credit Card,Next Day Delivery,No,No,6,Weekly
419,36-45,Male,Skincare,Beauty & Personal Care,51.22,Pennsylvania,N/A,N/A,Fall,5,No,Debit Card,Express,No,Yes,10,Bi-Weekly
420,65+,Female,Fragrance,Beauty & Personal Care,10.0,New Jersey,N/A,N/A,Fall,5,No,Cash,Next Day Delivery,No,No,4,Bi-Weekly
421,65+,Female,Heels,Footwear,35.54,Illinois,M,White,Summer,5,No,Credit Card,Free Shipping,No,No,5,Annually
422,18-25,Male,Running Shoes,Footwear,96.44,Pennsylvania,XL,White,Spring,5,No,PayPal,Express,Yes,No,7,Monthly
423,65+,Male,Laptop,Electronics,302.35,Pennsylvania,N/A,N/A,Fall,3,Yes,Cash,Standard,No,No,3,Monthly
424,46-55,Male,Dress,Clothing,94.0,New York,S,Gray,Spring,5,No,Debit Card,Next Day Delivery,Yes,Yes,5,Weekly
425,65+,Female,Shirt,Clothing,19.44,Ohio,L,Gray,Winter,5,No,Cash,Free Shipping,Yes,No,9,Quarterly
426,46-55,Female,Bike,Sports & Outdoors,157.02,Texas,N/A,N/A,Winter,4,No,Bank Transfer,Express,No,No,7,Bi-Weekly
427,46-55,Female,Smartphone,Electronics,540.14,Illinois,N/A,N/A,Spring,4,Yes,Debit Card,Next Day Delivery,Yes,No,6,Weekly
428,18-25,Female,Camping Gear,Sports & Outdoors,278.88,Ohio,N/A,N/A,Summer,5,No,Credit Card,Standard,No,No,6,Monthly
429,56-65,Female,Novel,Books & Media,13.11,Ohio,N/A,N/A,Summer,4,Yes,Bank Transfer,Free Shipping,No,No,3,Bi-Weekly
430,18-25,Male,Headphones,Electronics,610.8,New York,N/A,N/A,Summer,3,Yes,PayPal,Next Day Delivery,No,No,5,Monthly
431,36-45,Male,Watch,Accessories,142.45,California,N/A,Red,Winter,5,No,Cash,Standard,Yes,No,9,Monthly
432,18-25,Male,Skincare,Beauty & Personal Care,40.51,Illinois,N/A,N/A,Winter,4,No,Cash,Standard,No,No,6,Weekly
433,26-35,Male,Casual Shoes,Footwear,180.61,Illinois,XS,Red,Spring,5,No,Debit Card,Free Shipping,No,Yes,7,Quarterly
434,46-55,Male,Furniture,Home & Garden,110.55,New Jersey,N/A,N/A,Winter,5,Yes,Cash,Next Day Delivery,No,No,4,Quarterly
435,36-45,Female,Heels,Footwear,135.38,California,M,Red,Winter,5,No,Debit Card,Express,No,No,3,Monthly
436,56-65,Female,Pants,Clothing,42.13,Virginia,XS,Black,Fall,5,Yes,Bank Transfer,Free Shipping,No,No,10,Annually
437,26-35,Female,Board Game,Toys & Games,23.51,Ohio,N/A,N/A,Winter,5,No,Bank Transfer,Free Shipping,No,No,4,Annually
438,26-35,Female,DVD,Books & Media,24.65,Texas,N/A,N/A,Winter,5,Yes,Credit Card,Express,No,No,4,Weekly
439,46-55,Male,Boots,Footwear,90.13,New York,S,White,Spring,3,No,PayPal,Standard,No,No,8,Quarterly
440,26-35,Female,Running Shoes,Footwear,95.62,Illinois,M,Gray,Spring,5,Yes,Credit Card,Free Shipping,Yes,Yes,3,Annually
441,46-55,Female,Puzzle,Toys & Games,28.75,Illinois,N/A,N/A,Winter,5,No,Credit Card,Free Shipping,Yes,No,9,Weekly
442,46-55,Other,Boots,Footwear,116.84,Michigan,XL,Green,Spring,5,No,Credit Card,Standard,No,No,5,Monthly
443,56-65,Other,Bike,Sports & Outdoors,116.63,Illinois,N/A,N/A,Winter,4,Yes,PayPal,Free Shipping,Yes,No,4,Weekly
444,26-35,Other,Bedding,Home & Garden,99.89,Florida,N/A,N/A,Winter,5,No,Credit Card,Free Shipping,No,No,2,Monthly
445,65+,Female,Watch,Accessories,91.82,Virginia,N/A,Red,Fall,5,Yes,Debit Card,Standard,No,No,8,Monthly
446,36-45,Female,Decor,Home & Garden,194.67,Georgia,N/A,N/A,Spring,4,No,Cash,Express,No,No,8,Monthly
447,65+,Male,DVD,Books & Media,39.35,Illinois,N/A,N/A,Winter,3,No,Bank Transfer,Standard,No,No,6,Bi-Weekly
448,46-55,Female,Jewelry,Accessories,76.11,Virginia,N/A,Red,Fall,3,No,Credit Card,Express,No,No,8,Weekly
449,36-45,Male,Video Game,Toys & Games,49.96,Florida,N/A,N/A,Spring,5,Yes,Cash,Express,No,No,7,Bi-Weekly
450,18-25,Male,Watch,Accessories,78.53,Georgia,N/A,Black,Fall,4,No,Cash,Next Day Delivery,Yes,Yes,6,Monthly
451,46-55,Other,Video Game,Toys & Games,15.19,New Jersey,N/A,N/A,Spring,5,No,Credit Card,Express,No,No,6,Monthly
452,46-55,Female,Magazine,Books & Media,10.0,Georgia,N/A,N/A,Fall,4,Yes,Debit Card,Express,No,Yes,6,Monthly
453,65+,Male,Headphones,Electronics,562.88,California,N/A,N/A,Winter,4,Yes,Credit Card,Express,No,No,5,Annually
454,26-35,Other,Wallet,Accessories,177.43,New York,N/A,Gray,Summer,5,No,Debit Card,Free Shipping,No,No,3,Annually
455,18-25,Female,Jacket,Clothing,78.05,Florida,S,Green,Spring,5,No,Cash,Next Day Delivery,No,No,3,Annually
456,36-45,Male,Bedding,Home & Garden,158.45,Ohio,N/A,N/A,Fall,5,No,PayPal,Next Day Delivery,No,No,9,Bi-Weekly
457,46-55,Male,Garden Tools,Home & Garden,183.77,Michigan,N/A,N/A,Winter,4,Yes,Bank Transfer,Standard,No,No,6,Weekly
458,56-65,Female,Sports Apparel,Sports & Outdoors,203.41,Illinois,N/A,N/A,Spring,5,No,PayPal,Standard,Yes,No,4,Monthly
459,36-45,Female,Sports Apparel,Sports & Outdoors,73.82,Illinois,N/A,N/A,Fall,3,No,Cash,Express,No,No,7,Annually
460,26-35,Female,Blouse,Clothing,84.54,Michigan,L,Gray,Fall,4,Yes,Cash,Standard,No,No,5,Quarterly
461,36-45,Male,Bedding,Home & Garden,156.3,Ohio,N/A,N/A,Winter,3,No,Credit Card,Express,Yes,No,5,Monthly
462,65+,Male,Wallet,Accessories,132.16,North Carolina,N/A,Gray,Winter,4,Yes,Debit Card,Next Day Delivery,No,No,8,Bi-Weekly
463,65+,Other,Action Figure,Toys & Games,21.49,Illinois,N/A,N/A,Spring,5,No,PayPal,Express,Yes,No,9,Monthly
464,65+,Other,Action Figure,Toys & Games,20.54,New Jersey,N/A,N/A,Fall,5,No,Credit Card,Express,No,Yes,5,Monthly
465,26-35,Male,Bedding,Home & Garden,166.04,Pennsylvania,N/A,N/A,Fall,4,No,Debit Card,Next Day Delivery,No,Yes,8,Quarterly
466,18-25,Male,Novel,Books & Media,31.09,New Jersey,N/A,N/A,Spring,5,No,PayPal,Express,Yes,No,8,Annually
467,18-25,Female,Hair Care,Beauty & Personal Care,38.19,Ohio,N/A,N/A,Spring,5,No,Cash,Express,Yes,Yes,7,Bi-Weekly
468,36-45,Male,Fragrance,Beauty & Personal Care,55.0,Florida,N/A,N/A,Fall,5,No,Cash,Standard,No,Yes,3,Quarterly
469,36-45,Female,Sandals,Footwear,183.38,New Jersey,XS,Black,Winter,5,No,Debit Card,Express,No,No,3,Bi-Weekly
470,56-65,Female,Heels,Footwear,134.44,Texas,S,Green,Winter,5,No,PayPal,Free Shipping,No,No,3,Quarterly
471,46-55,Female,Skincare,Beauty & Personal Care,47.15,California,N/A,N/A,Summer,4,Yes,Debit Card,Standard,Yes,No,8,Monthly
472,56-65,Female,Watch,Accessories,105.49,New Jersey,N/A,Black,Summer,5,No,Cash,Next Day Delivery,No,Yes,5,Monthly
473,26-35,Female,Tablet,Electronics,307.83,North Carolina,N/A,N/A,Fall,5,No,Cash,Standard,No,No,4,Weekly
474,36-45,Female,Bedding,Home & Garden,120.13,Virginia,N/A,N/A,Fall,5,No,PayPal,Express,No,No,7,Monthly
475,46-55,Male,Camping Gear,Sports & Outdoors,151.43,Florida,N/A,N/A,Winter,4,Yes,Credit Card,Express,No,No,6,Bi-Weekly
476,65+,Male,Boots,Footwear,133.28,Virginia,XS,Green,Summer,4,No,Credit Card,Next Day Delivery,No,Yes,4,Weekly
477,46-55,Female,Garden Tools,Home & Garden,110.98,Michigan,N/A,N/A,Spring,5,No,Bank Transfer,Standard,No,No,4,Weekly
478,65+,Female,Shirt,Clothing,107.23,Virginia,XS,Red,Winter,5,No,PayPal,Standard,No,No,9,Annually
479,36-45,Female,Magazine,Books & Media,40.24,New York,N/A,N/A,Spring,4,No,Debit Card,Free Shipping,No,No,8,Weekly
480,65+,Female,Puzzle,Toys & Games,14.5,Michigan,N/A,N/A,Summer,4,No,PayPal,Standard,No,No,4,Annually
481,65+,Female,Headphones,Electronics,539.85,Texas,N/A,N/A,Spring,5,No,PayPal,Express,No,Yes,3,Annually
482,26-35,Other,Garden Tools,Home & Garden,52.67,New York,N/A,N/A,Fall,4,Yes,PayPal,Next Day Delivery,No,No,9,Bi-Weekly
483,18-25,Male,Video Game,Toys & Games,28.27,New York,N/A,N/A,Winter,3,Yes,Debit Card,Express,No,No,7,Weekly
484,18-25,Male,Smartphone,Electronics,633.07,Michigan,N/A,N/A,Winter,4,No,Cash,Standard,No,No,8,Annually
485,18-25,Female,Headphones,Electronics,398.38,New Jersey,N/A,N/A,Summer,3,No,PayPal,Next Day Delivery,No,No,7,Monthly
486,46-55,Male,Shirt,Clothing,79.74,Florida,XS,Brown,Fall,5,No,Debit Card,Next Day Delivery,Yes,No,8,Quarterly
487,65+,Male,Smartphone,Electronics,165.76,California,N/A,N/A,Spring,4,No,Cash,Express,Yes,No,7,Monthly
488,36-45,Female,DVD,Books & Media,47.74,Virginia,N/A,N/A,Spring,5,No,Debit Card,Next Day Delivery,No,No,7,Bi-Weekly
489,18-25,Female,Fragrance,Beauty & Personal Care,100.38,Georgia,N/A,N/A,Fall,5,No,PayPal,Free Shipping,No,No,6,Quarterly
490,65+,Male,Sneakers,Footwear,90.33,Florida,XS,Brown,Summer,5,No,Credit Card,Free Shipping,No,No,4,Annually
491,46-55,Male,Magazine,Books & Media,18.09,Michigan,N/A,N/A,Winter,5,Yes,Debit Card,Standard,No,No,7,Bi-Weekly
492,46-55,Male,Novel,Books & Media,31.88,Ohio,N/A,N/A,Winter,4,No,Credit Card,Standard,Yes,No,7,Monthly
493,65+,Male,Fitness Equipment,Sports & Outdoors,163.85,Virginia,N/A,N/A,Summer,5,Yes,Debit Card,Standard,Yes,No,3,Quarterly
494,65+,Other,Jewelry,Accessories,135.21,Pennsylvania,N/A,Gray,Winter,3,No,Cash,Standard,No,Yes,6,Weekly
495,65+,Female,Running Shoes,Footwear,70.36,Georgia,L,Brown,Summer,4,No,Credit Card,Free Shipping,No,No,10,Monthly
496,26-35,Female,Sports Apparel,Sports & Outdoors,23.29,California,N/A,N/A,Summer,5,No,Bank Transfer,Free Shipping,No,No,3,Quarterly
497,26-35,Female,Tablet,Electronics,407.53,Georgia,N/A,N/A,Winter,5,No,Credit Card,Free Shipping,No,No,3,Quarterly
498,36-45,Male,Tablet,Electronics,345.3,Virginia,N/A,N/A,Spring,4,No,Credit Card,Free Shipping,No,No,6,Quarterly
499,18-25,Other,Board Game,Toys & Games,23.14,Texas,N/A,N/A,Fall,3,No,Bank Transfer,Express,No,No,8,Quarterly
500,36-45,Male,Fitness Equipment,Sports & Outdoors,112.04,New York,N/A,N/A,Winter,5,No,Debit Card,Free Shipping,No,Yes,4,Monthly
501,65+,Male,Novel,Books & Media,10.03,Texas,N/A,N/A,Summer,5,No,Credit Card,Next Day Delivery,Yes,No,7,Monthly
502,65+,Male,Garden Tools,Home & Garden,252.48,North Carolina,N/A,N/A,Fall,5,No,Credit Card,Standard,No,Yes,11,Bi-Weekly
503,46-55,Female,Casual Shoes,Footwear,35.47,Virginia,L,Black,Fall,5,No,Bank Transfer,Express,No,No,5,Bi-Weekly
504,18-25,Male,Makeup,Beauty & Personal Care,25.43,Georgia,N/A,N/A,Summer,5,Yes,Debit Card,Standard,No,No,3,Quarterly
505,18-25,Male,Tablet,Electronics,501.4,Georgia,N/A,N/A,Summer,5,No,PayPal,Standard,No,No,5,Annually
506,65+,Female,Sweater,Clothing,73.28,Ohio,XL,Red,Summer,5,No,Bank Transfer,Express,No,No,4,Bi-Weekly
507,18-25,Male,Hair Care,Beauty & Personal Care,26.21,North Carolina,N/A,N/A,Winter,5,No,PayPal,Express,Yes,Yes,6,Monthly
508,46-55,Female,Sports Apparel,Sports & Outdoors,179.45,Georgia,N/A,N/A,Summer,3,Yes,Cash,Free Shipping,No,No,5,Annually
509,65+,Other,Puzzle,Toys & Games,43.82,Virginia,N/A,N/A,Fall,3,No,Bank Transfer,Express,No,Yes,5,Bi-Weekly
510,26-35,Male,Decor,Home & Garden,199.58,New Jersey,N/A,N/A,Summer,5,No,Cash,Next Day Delivery,No,No,7,Weekly
511,36-45,Female,Video Game,Toys & Games,42.97,Michigan,N/A,N/A,Winter,5,No,Bank Transfer,Next Day Delivery,No,Yes,3,Quarterly
512,18-25,Female,Board Game,Toys & Games,37.23,California,N/A,N/A,Winter,5,Yes,Cash,Standard,No,Yes,5,Weekly
513,26-35,Other,Kitchenware,Home & Garden,161.75,Illinois,N/A,N/A,Fall,5,Yes,Cash,Standard,No,No,5,Monthly
514,26-35,Male,Board Game,Toys & Games,27.17,Pennsylvania,N/A,N/A,Winter,5,Yes,Credit Card,Express,No,Yes,5,Annually
515,46-55,Female,Belt,Accessories,55.9,Virginia,N/A,Blue,Spring,5,Yes,PayPal,Free Shipping,No,No,6,Quarterly
516,65+,Male,Fitness Equipment,Sports & Outdoors,138.52,California,N/A,N/A,Fall,5,No,Cash,Free Shipping,No,Yes,5,Bi-Weekly
517,65+,Male,Camping Gear,Sports & Outdoors,27.4,Virginia,N/A,N/A,Summer,4,Yes,Debit Card,Free Shipping,No,No,4,Bi-Weekly
518,65+,Other,Laptop,Electronics,109.89,Florida,N/A,N/A,Spring,5,No,PayPal,Standard,No,No,11,Quarterly
519,36-45,Female,Puzzle,Toys & Games,43.81,Florida,N/A,N/A,Summer,3,Yes,Bank Transfer,Next Day Delivery,No,No,4,Weekly
520,36-45,Male,Magazine,Books & Media,39.14,California,N/A,N/A,Summer,5,No,Debit Card,Standard,No,No,5,Annually
521,65+,Female,Bedding,Home & Garden,181.13,Michigan,N/A,N/A,Fall,4,Yes,Credit Card,Next Day Delivery,No,No,6,Annually
522,26-35,Male,Running Shoes,Footwear,120.04,Texas,XL,White,Winter,4,No,Bank Transfer,Free Shipping,Yes,No,9,Weekly
523,36-45,Male,Handbag,Accessories,85.07,New Jersey,N/A,Blue,Fall,5,No,Debit Card,Next Day Delivery,No,No,5,Bi-Weekly
524,56-65,Female,Video Game,Toys & Games,39.64,North Carolina,N/A,N/A,Spring,4,No,Credit Card,Next Day Delivery,No,No,7,Quarterly
525,26-35,Female,Watch,Accessories,112.59,New Jersey,N/A,Blue,Winter,5,No,Credit Card,Free Shipping,Yes,No,5,Monthly
526,56-65,Male,Furniture,Home & Garden,280.86,North Carolina,N/A,N/A,Fall,4,No,Bank Transfer,Free Shipping,Yes,Yes,6,Quarterly
527,18-25,Male,Kitchenware,Home & Garden,71.51,Pennsylvania,N/A,N/A,Spring,5,No,Credit Card,Express,No,No,5,Annually
528,56-65,Male,Jeans,Clothing,50.09,Texas,S,Gray,Summer,4,No,PayPal,Standard,Yes,No,8,Bi-Weekly
529,56-65,Male,Skincare,Beauty & Personal Care,90.54,Virginia,N/A,N/A,Summer,5,No,Credit Card,Free Shipping,Yes,No,7,Monthly
530,18-25,Female,Smartphone,Electronics,153.1,California,N/A,N/A,Summer,5,No,Debit Card,Standard,No,No,3,Annually
531,26-35,Female,Bedding,Home & Garden,279.91,Ohio,N/A,N/A,Winter,5,Yes,PayPal,Free Shipping,No,Yes,8,Monthly
532,18-25,Female,Skincare,Beauty & Personal Care,52.66,North Carolina,N/A,N/A,Spring,5,No,Bank Transfer,Standard,Yes,No,4,Annually
533,18-25,Female,Headphones,Electronics,372.3,North Carolina,N/A,N/A,Spring,4,No,Debit Card,Next Day Delivery,No,Yes,8,Annually
534,18-25,Male,Bedding,Home & Garden,116.09,Ohio,N/A,N/A,Winter,4,Yes,Credit Card,Free Shipping,No,No,10,Bi-Weekly
535,56-65,Female,Handbag,Accessories,128.25,Virginia,N/A,Red,Fall,3,No,Cash,Next Day Delivery,No,Yes,9,Monthly
536,18-25,Male,Action Figure,Toys & Games,69.87,Texas,N/A,N/A,Spring,3,Yes,Credit Card,Free Shipping,No,No,4,Annually
537,56-65,Female,Headphones,Electronics,541.23,New York,N/A,N/A,Fall,5,No,Cash,Free Shipping,No,No,6,Annually
538,26-35,Female,Boots,Footwear,179.54,New York,XL,Brown,Fall,4,No,Cash,Standard,Yes,Yes,8,Bi-Weekly
539,65+,Other,Blouse,Clothing,65.25,North Carolina,L,Gray,Spring,3,Yes,Debit Card,Standard,Yes,No,4,Monthly
540,18-25,Female,Wallet,Accessories,52.52,Michigan,N/A,Red,Fall,5,No,Debit Card,Express,No,No,7,Bi-Weekly
541,18-25,Female,Garden Tools,Home & Garden,94.61,Texas,N/A,N/A,Summer,5,No,Debit Card,Free Shipping,Yes,Yes,5,Quarterly
542,36-45,Female,Garden Tools,Home & Garden,97.28,Florida,N/A,N/A,Fall,5,No,Debit Card,Free Shipping,Yes,Yes,7,Bi-Weekly
543,18-25,Male,Camping Gear,Sports & Outdoors,57.84,New York,N/A,N/A,Winter,5,No,Debit Card,Next Day Delivery,No,Yes,5,Bi-Weekly
544,65+,Female,Bike,Sports & Outdoors,109.35,Georgia,N/A,N/A,Winter,4,No,Debit Card,Next Day Delivery,Yes,No,6,Quarterly
545,56-65,Female,Laptop,Electronics,10.0,New Jersey,N/A,N/A,Spring,5,No,Debit Card,Express,No,Yes,3,Annually
546,26-35,Female,Furniture,Home & Garden,237.28,Virginia,N/A,N/A,Spring,4,Yes,Credit Card,Standard,No,No,8,Annually
547,56-65,Female,Makeup,Beauty & Personal Care,10.0,California,N/A,N/A,Fall,5,No,Bank Transfer,Free Shipping,No,No,5,Bi-Weekly
548,36-45,Female,Makeup,Beauty & Personal Care,36.43,Michigan,N/A,N/A,Fall,5,No,Cash,Free Shipping,No,No,5,Annually
549,56-65,Female,Tablet,Electronics,458.19,Pennsylvania,N/A,N/A,Spring,5,Yes,Cash,Express,No,No,7,Annually
550,26-35,Female,Magazine,Books & Media,19.93,Florida,N/A,N/A,Summer,3,No,PayPal,Next Day Delivery,No,No,7,Weekly
551,26-35,Male,Magazine,Books & Media,32.51,Texas,N/A,N/A,Fall,4,No,Debit Card,Express,No,No,8,Weekly
552,65+,Male,Belt,Accessories,116.18,Pennsylvania,N/A,Red,Winter,5,No,PayPal,Standard,No,No,5,Weekly
553,65+,Female,Fitness Equipment,Sports & Outdoors,64.1,Virginia,N/A,N/A,Fall,4,No,Debit Card,Express,Yes,Yes,4,Quarterly
554,65+,Female,Hair Care,Beauty & Personal Care,68.39,Michigan,N/A,N/A,Spring,4,No,Bank Transfer,Next Day Delivery,No,No,7,Quarterly
555,26-35,Male,Video Game,Toys & Games,23.36,Pennsylvania,N/A,N/A,Fall,4,No,PayPal,Free Shipping,Yes,No,10,Annually
556,18-25,Male,Action Figure,Toys & Games,36.18,Georgia,N/A,N/A,Summer,3,No,Cash,Standard,No,No,8,Annually
557,65+,Male,Kitchenware,Home & Garden,89.28,Florida,N/A,N/A,Summer,5,No,Cash,Next Day Delivery,Yes,No,5,Annually
558,65+,Female,Camera,Electronics,204.25,New York,N/A,N/A,Winter,4,No,Debit Card,Standard,Yes,No,5,Quarterly
559,65+,Female,Music Album,Books & Media,35.84,New York,N/A,N/A,Summer,4,No,PayPal,Standard,No,No,5,Bi-Weekly
560,18-25,Male,Running Shoes,Footwear,130.52,Michigan,S,White,Spring,4,Yes,Bank Transfer,Express,No,No,6,Weekly
561,26-35,Female,Kitchenware,Home & Garden,184.81,North Carolina,N/A,N/A,Winter,5,No,Bank Transfer,Standard,Yes,No,6,Monthly
562,18-25,Male,Jewelry,Accessories,77.78,Michigan,N/A,Red,Winter,5,No,Cash,Express,No,No,11,Quarterly
563,56-65,Male,Running Shoes,Footwear,117.69,Florida,XL,Gray,Fall,5,Yes,Cash,Next Day Delivery,No,Yes,4,Quarterly
564,56-65,Female,Laptop,Electronics,422.82,Ohio,N/A,N/A,Winter,5,No,Cash,Standard,No,No,3,Weekly
565,26-35,Male,Video Game,Toys & Games,29.58,Florida,N/A,N/A,Spring,5,No,Cash,Free Shipping,No,No,8,Annually
566,56-65,Male,Blouse,Clothing,59.86,North Carolina,XL,Brown,Spring,5,No,Credit Card,Free Shipping,Yes,No,6,Bi-Weekly
567,56-65,Female,Board Game,Toys & Games,29.67,New Jersey,N/A,N/A,Winter,4,No,Bank Transfer,Free Shipping,No,Yes,5,Monthly
568,18-25,Female,Video Game,Toys & Games,15.51,New York,N/A,N/A,Winter,5,Yes,PayPal,Next Day Delivery,No,No,4,Annually
569,65+,Male,Tablet,Electronics,162.45,Florida,N/A,N/A,Fall,4,No,PayPal,Express,No,No,5,Weekly
570,36-45,Male,Video Game,Toys & Games,29.04,Illinois,N/A,N/A,Summer,4,No,Credit Card,Standard,No,No,6,Annually
571,56-65,Male,Smartwatch,Electronics,10.0,California,N/A,N/A,Winter,4,No,Cash,Next Day Delivery,No,No,4,Quarterly
572,36-45,Male,Laptop,Electronics,555.59,Ohio,N/A,N/A,Fall,5,Yes,Debit Card,Free Shipping,Yes,Yes,4,Annually
573,36-45,Female,Bedding,Home & Garden,10.0,New York,N/A,N/A,Winter,5,No,Bank Transfer,Free Shipping,Yes,No,6,Bi-Weekly
574,36-45,Male,Video Game,Toys & Games,27.12,Illinois,N/A,N/A,Fall,4,Yes,Bank Transfer,Next Day Delivery,No,No,5,Quarterly
575,65+,Male,Casual Shoes,Footwear,68.18,Texas,S,Red,Summer,5,No,Credit Card,Express,No,No,7,Annually
576,46-55,Female,Fitness Equipment,Sports & Outdoors,97.79,Florida,N/A,N/A,Winter,3,Yes,Credit Card,Standard,Yes,No,4,Bi-Weekly
577,46-55,Female,Skincare,Beauty & Personal Care,57.39,Texas,N/A,N/A,Fall,5,No,Cash,Next Day Delivery,No,No,6,Weekly
578,56-65,Male,Jeans,Clothing,11.07,Ohio,L,Green,Fall,5,No,Bank Transfer,Standard,No,Yes,5,Bi-Weekly
579,65+,Female,Music Album,Books & Media,26.65,California,N/A,N/A,Summer,5,No,Bank Transfer,Next Day Delivery,No,No,5,Bi-Weekly
580,18-25,Male,Action Figure,Toys & Games,14.27,Michigan,N/A,N/A,Summer,4,Yes,Credit Card,Next Day Delivery,Yes,No,6,Bi-Weekly
581,65+,Female,Pants,Clothing,54.44,Texas,M,Brown,Winter,4,No,Debit Card,Free Shipping,No,Yes,5,Quarterly
582,56-65,Female,Belt,Accessories,138.96,California,N/A,Gray,Spring,5,No,Credit Card,Next Day Delivery,Yes,Yes,9,Annually
583,56-65,Male,Sports Apparel,Sports & Outdoors,136.43,Illinois,N/A,N/A,Summer,5,Yes,Bank Transfer,Express,No,No,8,Quarterly
584,46-55,Male,Dress,Clothing,47.43,Florida,L,Green,Spring,5,No,Bank Transfer,Standard,No,No,2,Annually
585,36-45,Female,Fitness Equipment,Sports & Outdoors,156.25,North Carolina,N/A,N/A,Fall,5,No,Bank Transfer,Next Day Delivery,No,Yes,9,Quarterly
586,46-55,Male,Magazine,Books & Media,25.49,Pennsylvania,N/A,N/A,Winter,4,No,PayPal,Standard,Yes,Yes,5,Quarterly
587,18-25,Female,Furniture,Home & Garden,217.23,Ohio,N/A,N/A,Summer,5,No,Cash,Next Day Delivery,No,No,4,Quarterly
588,36-45,Female,Board Game,Toys & Games,65.54,Virginia,N/A,N/A,Fall,4,No,Cash,Next Day Delivery,Yes,Yes,7,Weekly
589,46-55,Female,Fitness Equipment,Sports & Outdoors,116.8,North Carolina,N/A,N/A,Summer,5,Yes,PayPal,Next Day Delivery,Yes,Yes,7,Monthly
590,26-35,Female,Kitchenware,Home & Garden,186.72,Virginia,N/A,N/A,Summer,3,No,PayPal,Express,Yes,No,7,Bi-Weekly
591,65+,Male,Sunglasses,Accessories,105.61,New York,N/A,White,Summer,5,Yes,Cash,Next Day Delivery,No,No,7,Bi-Weekly
592,18-25,Male,Smartphone,Electronics,369.22,New Jersey,N/A,N/A,Winter,5,No,Bank Transfer,Standard,No,No,7,Annually
593,18-25,Female,DVD,Books & Media,32.86,Michigan,N/A,N/A,Fall,5,No,PayPal,Next Day Delivery,No,No,7,Quarterly
594,26-35,Male,Puzzle,Toys & Games,26.61,Ohio,N/A,N/A,Summer,5,Yes,Bank Transfer,Express,Yes,No,8,Weekly
595,56-65,Male,Fragrance,Beauty & Personal Care,72.71,North Carolina,N/A,N/A,Spring,5,No,Bank Transfer,Next Day Delivery,Yes,No,8,Quarterly
596,65+,Female,Heels,Footwear,97.63,Texas,XL,Red,Fall,5,Yes,Credit Card,Standard,No,No,5,Bi-Weekly
597,46-55,Male,Headphones,Electronics,287.16,Pennsylvania,N/A,N/A,Fall,5,No,Cash,Next Day Delivery,No,No,4,Bi-Weekly
598,36-45,Female,DVD,Books & Media,10.06,Pennsylvania,N/A,N/A,Summer,5,No,PayPal,Free Shipping,No,No,8,Bi-Weekly
599,46-55,Male,Sports Apparel,Sports & Outdoors,108.47,Ohio,N/A,N/A,Fall,5,Yes,PayPal,Express,No,No,8,Annually
600,26-35,Male,Watch,Accessories,81.31,Virginia,N/A,Blue,Summer,3,Yes,Bank Transfer,Free Shipping,No,No,8,Quarterly
601,26-35,Male,Casual Shoes,Footwear,98.31,Florida,L,Brown,Spring,5,Yes,Cash,Free Shipping,Yes,No,1,Quarterly
602,26-35,Male,Puzzle,Toys & Games,60.83,Georgia,N/A,N/A,Fall,5,Yes,Debit Card,Standard,No,No,5,Quarterly
603,18-25,Female,Sneakers,Footwear,91.3,New York,M,Red,Spring,4,No,PayPal,Next Day Delivery,No,No,3,Monthly
604,36-45,Female,Sports Apparel,Sports & Outdoors,93.13,Pennsylvania,N/A,N/A,Spring,5,No,PayPal,Standard,No,No,4,Monthly
605,65+,Male,Belt,Accessories,10.0,Michigan,N/A,Gray,Summer,5,No,Debit Card,Next Day Delivery,Yes,No,6,Monthly
606,65+,Male,Video Game,Toys & Games,31.86,Virginia,N/A,N/A,Winter,5,No,Credit Card,Free Shipping,No,No,4,Annually
607,36-45,Male,Magazine,Books & Media,10.0,Florida,N/A,N/A,Fall,5,No,PayPal,Free Shipping,Yes,Yes,5,Weekly
608,18-25,Female,Sandals,Footwear,261.67,New York,M,Blue,Fall,5,No,Debit Card,Free Shipping,No,No,4,Monthly
609,46-55,Male,Bike,Sports & Outdoors,103.58,Ohio,N/A,N/A,Summer,5,No,Cash,Standard,No,No,5,Bi-Weekly
610,65+,Female,Wallet,Accessories,167.69,Illinois,N/A,Gray,Spring,5,Yes,Cash,Express,No,No,9,Quarterly
611,18-25,Female,Smartphone,Electronics,620.64,Georgia,N/A,N/A,Spring,5,Yes,Credit Card,Free Shipping,No,Yes,5,Annually
612,18-25,Male,Headphones,Electronics,688.39,Michigan,N/A,N/A,Summer,5,No,Credit Card,Free Shipping,No,No,5,Monthly
613,26-35,Male,Wallet,Accessories,96.42,Illinois,N/A,Red,Summer,5,Yes,Cash,Express,Yes,Yes,6,Weekly
614,18-25,Male,Sports Apparel,Sports & Outdoors,191.73,Georgia,N/A,N/A,Winter,5,Yes,Bank Transfer,Next Day Delivery,No,No,5,Annually
615,46-55,Female,Casual Shoes,Footwear,26.56,North Carolina,S,Green,Winter,4,Yes,Bank Transfer,Free Shipping,Yes,No,6,Annually
616,65+,Male,Puzzle,Toys & Games,41.23,Pennsylvania,N/A,N/A,Winter,5,No,Bank Transfer,Express,No,No,4,Weekly
617,46-55,Male,Decor,Home & Garden,90.01,Ohio,N/A,N/A,Fall,5,Yes,Cash,Next Day Delivery,No,Yes,6,Weekly
618,18-25,Male,Action Figure,Toys & Games,21.1,Pennsylvania,N/A,N/A,Fall,4,No,PayPal,Standard,No,No,8,Quarterly
619,46-55,Female,Furniture,Home & Garden,38.75,Ohio,N/A,N/A,Fall,5,No,Bank Transfer,Express,No,No,4,Weekly
620,56-65,Female,Camping Gear,Sports & Outdoors,23.17,Ohio,N/A,N/A,Winter,4,No,PayPal,Express,No,No,3,Bi-Weekly
621,65+,Male,Fragrance,Beauty & Personal Care,41.48,New York,N/A,N/A,Fall,5,No,Credit Card,Free Shipping,No,No,7,Bi-Weekly
622,56-65,Male,Decor,Home & Garden,10.0,New Jersey,N/A,N/A,Fall,5,Yes,PayPal,Express,No,No,5,Weekly
623,26-35,Female,Sandals,Footwear,32.38,Texas,L,Green,Winter,5,No,Debit Card,Free Shipping,No,No,3,Bi-Weekly
624,36-45,Female,Pants,Clothing,49.18,California,XL,Black,Summer,5,Yes,Credit Card,Next Day Delivery,Yes,No,4,Monthly
625,26-35,Male,Novel,Books & Media,38.57,New York,N/A,N/A,Spring,5,No,Cash,Standard,No,No,3,Quarterly
626,26-35,Female,Bike,Sports & Outdoors,217.5,Illinois,N/A,N/A,Winter,5,No,Debit Card,Free Shipping,No,No,4,Weekly
627,36-45,Other,Laptop,Electronics,256.69,California,N/A,N/A,Fall,5,No,PayPal,Standard,No,No,6,Annually
628,46-55,Female,Boots,Footwear,160.48,Illinois,L,Brown,Spring,5,No,Credit Card,Express,No,No,6,Quarterly
629,46-55,Male,Wallet,Accessories,117.43,California,N/A,White,Winter,4,Yes,Credit Card,Express,No,Yes,8,Quarterly
630,46-55,Female,Decor,Home & Garden,10.0,Florida,N/A,N/A,Spring,5,No,Bank Transfer,Standard,No,No,4,Monthly
631,46-55,Female,Kitchenware,Home & Garden,70.14,Pennsylvania,N/A,N/A,Spring,4,No,Cash,Standard,No,No,5,Bi-Weekly
632,65+,Male,Hair Care,Beauty & Personal Care,55.38,California,N/A,N/A,Summer,5,No,Debit Card,Standard,No,No,8,Quarterly
633,26-35,Female,Shirt,Clothing,98.72,Michigan,L,Gray,Summer,4,No,Debit Card,Standard,No,No,6,Bi-Weekly
634,26-35,Female,Novel,Books & Media,28.06,New Jersey,N/A,N/A,Fall,5,Yes,Credit Card,Standard,Yes,No,4,Monthly
635,65+,Female,Casual Shoes,Footwear,89.2,North Carolina,XS,White,Winter,3,No,Cash,Next Day Delivery,Yes,Yes,8,Annually
636,65+,Female,Bike,Sports & Outdoors,48.58,Virginia,N/A,N/A,Summer,5,No,Credit Card,Free Shipping,No,No,10,Monthly
637,65+,Female,Sandals,Footwear,236.05,California,L,Gray,Winter,5,No,Bank Transfer,Next Day Delivery,Yes,No,5,Annually
638,65+,Male,Magazine,Books & Media,31.03,Michigan,N/A,N/A,Summer,3,No,Bank Transfer,Next Day Delivery,No,No,8,Monthly
639,65+,Male,DVD,Books & Media,40.49,Michigan,N/A,N/A,Summer,5,No,Credit Card,Express,No,Yes,4,Quarterly
640,36-45,Male,Garden Tools,Home & Garden,175.62,Pennsylvania,N/A,N/A,Winter,5,No,Credit Card,Free Shipping,No,No,3,Bi-Weekly
641,18-25,Female,Camping Gear,Sports & Outdoors,152.2,Pennsylvania,N/A,N/A,Spring,5,No,Bank Transfer,Free Shipping,No,Yes,1,Bi-Weekly
642,56-65,Male,Magazine,Books & Media,23.78,Michigan,N/A,N/A,Fall,5,No,Debit Card,Free Shipping,No,No,4,Monthly
643,18-25,Male,Smartwatch,Electronics,867.57,New Jersey,N/A,N/A,Spring,4,Yes,Credit Card,Express,No,No,5,Bi-Weekly
644,18-25,Female,Watch,Accessories,55.57,Georgia,N/A,White,Spring,5,Yes,Credit Card,Free Shipping,No,No,4,Quarterly
645,56-65,Female,Furniture,Home & Garden,34.67,Pennsylvania,N/A,N/A,Summer,4,No,Bank Transfer,Standard,Yes,No,6,Weekly
646,26-35,Female,Novel,Books & Media,33.27,Georgia,N/A,N/A,Spring,5,No,Debit Card,Free Shipping,No,No,3,Monthly
647,65+,Female,Blouse,Clothing,92.72,Michigan,M,Green,Spring,5,Yes,Credit Card,Next Day Delivery,No,No,5,Weekly
648,26-35,Male,Board Game,Toys & Games,31.7,Texas,N/A,N/A,Summer,4,Yes,Bank Transfer,Free Shipping,No,Yes,4,Bi-Weekly
649,26-35,Female,Action Figure,Toys & Games,28.41,Michigan,N/A,N/A,Summer,4,Yes,Bank Transfer,Free Shipping,Yes,Yes,4,Weekly
650,65+,Female,Bike,Sports & Outdoors,148.48,Virginia,N/A,N/A,Winter,4,No,Credit Card,Express,No,No,9,Bi-Weekly
651,56-65,Male,Hair Care,Beauty & Personal Care,51.75,New Jersey,N/A,N/A,Summer,5,Yes,Bank Transfer,Free Shipping,No,No,6,Monthly
652,36-45,Female,Puzzle,Toys & Games,31.05,Pennsylvania,N/A,N/A,Winter,4,No,PayPal,Next Day Delivery,No,No,2,Annually
653,26-35,Female,Action Figure,Toys & Games,24.89,Ohio,N/A,N/A,Fall,3,No,Debit Card,Free Shipping,No,No,3,Quarterly
654,46-55,Male,Jeans,Clothing,103.73,California,M,Green,Spring,5,Yes,Bank Transfer,Express,No,No,5,Monthly
655,18-25,Male,Kitchenware,Home & Garden,333.35,New York,N/A,N/A,Fall,5,No,Credit Card,Next Day Delivery,No,No,2,Annually
656,56-65,Female,Action Figure,Toys & Games,63.01,Texas,N/A,N/A,Spring,5,No,PayPal,Next Day Delivery,Yes,No,5,Bi-Weekly
657,26-35,Female,Decor,Home & Garden,112.95,Michigan,N/A,N/A,Summer,3,No,Cash,Next Day Delivery,No,No,6,Monthly
658,18-25,Other,Makeup,Beauty & Personal Care,10.0,Virginia,N/A,N/A,Spring,3,Yes,Debit Card,Free Shipping,No,No,5,Bi-Weekly
659,46-55,Male,Smartwatch,Electronics,248.81,New Jersey,N/A,N/A,Fall,5,Yes,Credit Card,Free Shipping,No,No,5,Weekly
660,18-25,Female,Sports Apparel,Sports & Outdoors,131.63,Ohio,N/A,N/A,Winter,5,No,Credit Card,Express,Yes,No,5,Annually
661,18-25,Female,Skincare,Beauty & Personal Care,37.27,Illinois,N/A,N/A,Spring,5,No,Debit Card,Express,No,No,4,Monthly
662,56-65,Female,Handbag,Accessories,10.0,California,N/A,Gray,Winter,3,Yes,PayPal,Standard,No,Yes,7,Bi-Weekly
663,46-55,Female,Bedding,Home & Garden,88.04,Florida,N/A,N/A,Summer,5,No,Debit Card,Standard,No,Yes,3,Quarterly
664,56-65,Other,Sweater,Clothing,63.41,Ohio,M,Black,Winter,4,No,Bank Transfer,Free Shipping,Yes,No,7,Bi-Weekly
665,26-35,Female,Magazine,Books & Media,21.81,Georgia,N/A,N/A,Winter,4,No,Bank Transfer,Express,No,No,7,Annually
666,56-65,Male,Action Figure,Toys & Games,13.16,New York,N/A,N/A,Spring,5,No,Debit Card,Free Shipping,No,Yes,8,Monthly
667,65+,Male,Smartphone,Electronics,362.98,New Jersey,N/A,N/A,Winter,5,No,PayPal,Next Day Delivery,Yes,No,10,Monthly
668,26-35,Female,Sports Apparel,Sports & Outdoors,182.73,Michigan,N/A,N/A,Spring,5,Yes,Debit Card,Express,No,No,4,Monthly
669,56-65,Male,Magazine,Books & Media,31.91,Georgia,N/A,N/A,Spring,4,No,Cash,Express,No,No,4,Monthly
670,26-35,Female,Smartphone,Electronics,311.04,Virginia,N/A,N/A,Spring,4,Yes,Cash,Express,No,Yes,6,Monthly
671,18-25,Male,Fitness Equipment,Sports & Outdoors,276.8,Illinois,N/A,N/A,Winter,5,No,PayPal,Standard,No,No,3,Monthly
672,26-35,Male,Action Figure,Toys & Games,19.43,New York,N/A,N/A,Fall,5,No,Bank Transfer,Free Shipping,No,No,8,Annually
673,65+,Male,Casual Shoes,Footwear,101.61,Virginia,XS,Red,Spring,5,Yes,Debit Card,Express,No,No,9,Weekly
674,36-45,Male,Wallet,Accessories,71.59,Michigan,N/A,Blue,Spring,5,Yes,PayPal,Standard,No,No,7,Weekly
675,46-55,Female,Decor,Home & Garden,149.82,Texas,N/A,N/A,Spring,5,No,Debit Card,Free Shipping,No,No,5,Bi-Weekly
676,46-55,Male,Board Game,Toys & Games,58.52,Pennsylvania,N/A,N/A,Winter,4,No,Bank Transfer,Standard,Yes,No,2,Bi-Weekly
677,26-35,Female,Video Game,Toys & Games,29.51,North Carolina,N/A,N/A,Spring,5,No,Credit Card,Express,No,No,4,Annually
678,36-45,Female,Bike,Sports & Outdoors,140.26,Ohio,N/A,N/A,Summer,4,Yes,Credit Card,Next Day Delivery,Yes,No,4,Monthly
679,36-45,Female,Kitchenware,Home & Garden,59.04,North Carolina,N/A,N/A,Fall,5,No,Credit Card,Next Day Delivery,No,Yes,9,Quarterly
680,18-25,Female,Puzzle,Toys & Games,22.67,New York,N/A,N/A,Summer,5,No,Debit Card,Free Shipping,No,Yes,7,Bi-Weekly
681,18-25,Male,Makeup,Beauty & Personal Care,60.68,Ohio,N/A,N/A,Summer,4,Yes,Bank Transfer,Express,Yes,Yes,4,Quarterly
682,36-45,Male,Bike,Sports & Outdoors,56.12,North Carolina,N/A,N/A,Summer,5,No,Cash,Express,No,No,6,Annually
683,56-65,Male,Handbag,Accessories,62.07,Illinois,N/A,Gray,Summer,4,Yes,PayPal,Express,No,No,5,Annually
684,26-35,Male,Fitness Equipment,Sports & Outdoors,117.45,North Carolina,N/A,N/A,Spring,5,Yes,Cash,Next Day Delivery,No,Yes,6,Bi-Weekly
685,65+,Female,Blouse,Clothing,66.47,Pennsylvania,L,Red,Fall,5,No,PayPal,Next Day Delivery,No,Yes,7,Bi-Weekly
686,26-35,Female,Laptop,Electronics,550.68,Florida,N/A,N/A,Spring,4,No,Bank Transfer,Next Day Delivery,No,Yes,4,Annually
687,56-65,Female,Belt,Accessories,107.54,New York,N/A,White,Spring,5,No,Debit Card,Standard,No,No,3,Quarterly
688,26-35,Female,Video Game,Toys & Games,14.45,Virginia,N/A,N/A,Fall,5,Yes,Cash,Free Shipping,No,No,5,Quarterly
689,46-55,Male,Boots,Footwear,58.84,New York,S,Black,Winter,5,No,Credit Card,Next Day Delivery,No,No,3,Quarterly
690,26-35,Female,Handbag,Accessories,146.99,Texas,N/A,White,Winter,5,No,Bank Transfer,Free Shipping,No,No,5,Monthly
691,46-55,Female,Jewelry,Accessories,76.43,Ohio,N/A,Brown,Spring,5,Yes,Bank Transfer,Free Shipping,No,No,5,Monthly
692,46-55,Female,Board Game,Toys & Games,34.38,North Carolina,N/A,N/A,Spring,4,Yes,PayPal,Free Shipping,No,No,4,Weekly
693,26-35,Male,Video Game,Toys & Games,21.44,Virginia,N/A,N/A,Spring,5,No,Bank Transfer,Free Shipping,No,No,4,Annually
694,65+,Female,Pants,Clothing,21.05,Illinois,L,Red,Fall,5,No,Debit Card,Free Shipping,No,Yes,4,Bi-Weekly
695,46-55,Male,Garden Tools,Home & Garden,283.0,California,N/A,N/A,Summer,5,No,PayPal,Free Shipping,No,No,9,Weekly
696,65+,Other,Board Game,Toys & Games,31.39,Florida,N/A,N/A,Summer,4,No,PayPal,Free Shipping,No,Yes,6,Monthly
697,46-55,Male,Pants,Clothing,82.61,Georgia,XL,Gray,Summer,5,Yes,PayPal,Standard,Yes,No,5,Monthly
698,36-45,Female,Casual Shoes,Footwear,30.35,Virginia,XS,Black,Spring,4,No,PayPal,Next Day Delivery,Yes,Yes,6,Weekly
699,56-65,Female,Makeup,Beauty & Personal Care,55.43,Ohio,N/A,N/A,Winter,5,Yes,Credit Card,Express,No,No,6,Monthly
700,56-65,Male,Boots,Footwear,10.0,Florida,S,Brown,Spring,3,No,PayPal,Next Day Delivery,No,No,11,Monthly
701,65+,Male,DVD,Books & Media,10.0,New Jersey,N/A,N/A,Summer,5,No,Credit Card,Express,No,No,3,Bi-Weekly
702,18-25,Female,Furniture,Home & Garden,165.41,Georgia,N/A,N/A,Winter,4,No,PayPal,Standard,Yes,No,3,Annually
703,46-55,Male,Handbag,Accessories,59.59,Michigan,N/A,Gray,Winter,5,Yes,PayPal,Free Shipping,No,Yes,5,Quarterly
704,18-25,Male,Pants,Clothing,63.19,North Carolina,M,Green,Summer,5,Yes,Credit Card,Express,Yes,No,6,Bi-Weekly
705,18-25,Female,Fitness Equipment,Sports & Outdoors,130.8,Florida,N/A,N/A,Spring,5,No,Bank Transfer,Next Day Delivery,No,Yes,10,Monthly
706,18-25,Female,Shirt,Clothing,54.45,Ohio,S,White,Fall,5,Yes,Bank Transfer,Express,Yes,No,6,Quarterly
707,65+,Female,Fitness Equipment,Sports & Outdoors,118.63,Texas,N/A,N/A,Fall,5,No,Debit Card,Next Day Delivery,No,No,4,Quarterly
708,18-25,Male,Skincare,Beauty & Personal Care,43.31,Illinois,N/A,N/A,Winter,4,No,Cash,Standard,No,Yes,7,Monthly
709,36-45,Other,Video Game,Toys & Games,42.1,North Carolina,N/A,N/A,Summer,4,Yes,Cash,Standard,No,No,6,Weekly
710,56-65,Female,Board Game,Toys & Games,24.46,Georgia,N/A,N/A,Fall,5,No,PayPal,Next Day Delivery,No,No,6,Monthly
711,56-65,Female,Camping Gear,Sports & Outdoors,174.35,Michigan,N/A,N/A,Winter,5,No,Bank Transfer,Free Shipping,Yes,No,8,Quarterly
712,26-35,Female,Wallet,Accessories,147.15,Illinois,N/A,White,Spring,5,No,Credit Card,Standard,No,No,6,Quarterly
713,65+,Male,Camera,Electronics,736.3,New York,N/A,N/A,Winter,4,Yes,PayPal,Standard,No,No,11,Monthly
714,36-45,Male,Action Figure,Toys & Games,21.74,California,N/A,N/A,Summer,3,Yes,Debit Card,Next Day Delivery,No,No,4,Weekly
715,36-45,Male,Garden Tools,Home & Garden,183.01,North Carolina,N/A,N/A,Fall,5,Yes,Credit Card,Standard,No,No,6,Monthly
716,36-45,Female,Skincare,Beauty & Personal Care,50.75,Florida,N/A,N/A,Summer,5,No,Debit Card,Next Day Delivery,No,No,7,Quarterly
717,46-55,Male,Jeans,Clothing,42.09,Florida,L,White,Winter,3,No,Bank Transfer,Next Day Delivery,No,No,7,Quarterly
718,46-55,Male,Blouse,Clothing,99.66,North Carolina,M,Green,Fall,5,No,Bank Transfer,Standard,Yes,No,4,Bi-Weekly
719,56-65,Male,Sports Apparel,Sports & Outdoors,177.09,Texas,N/A,N/A,Summer,4,Yes,Debit Card,Standard,Yes,No,9,Monthly
720,46-55,Female,Action Figure,Toys & Games,52.98,Michigan,N/A,N/A,Winter,5,No,Cash,Standard,No,Yes,5,Monthly
721,65+,Male,Fitness Equipment,Sports & Outdoors,211.54,Illinois,N/A,N/A,Winter,5,Yes,Credit Card,Free Shipping,Yes,No,3,Bi-Weekly
722,36-45,Female,DVD,Books & Media,10.0,New York,N/A,N/A,Fall,3,No,Cash,Standard,No,Yes,6,Monthly
723,18-25,Male,Watch,Accessories,107.69,Georgia,N/A,Green,Spring,3,No,PayPal,Express,Yes,Yes,6,Bi-Weekly
724,36-45,Male,DVD,Books & Media,17.49,Pennsylvania,N/A,N/A,Summer,5,Yes,Credit Card,Express,No,No,2,Bi-Weekly
725,65+,Female,Jacket,Clothing,77.76,Ohio,XL,Black,Spring,5,No,Debit Card,Standard,No,No,6,Annually
726,18-25,Male,Bike,Sports & Outdoors,138.57,California,N/A,N/A,Spring,4,No,Bank Transfer,Next Day Delivery,No,No,11,Weekly
727,56-65,Female,Kitchenware,Home & Garden,96.64,Pennsylvania,N/A,N/A,Summer,5,Yes,Cash,Next Day Delivery,No,No,5,Monthly
728,56-65,Male,Bike,Sports & Outdoors,203.38,New Jersey,N/A,N/A,Spring,5,Yes,Debit Card,Express,Yes,No,4,Bi-Weekly
729,36-45,Female,Smartphone,Electronics,151.1,Michigan,N/A,N/A,Spring,3,Yes,Cash,Next Day Delivery,Yes,No,5,Annually
730,36-45,Female,Kitchenware,Home & Garden,185.99,Virginia,N/A,N/A,Fall,4,No,Bank Transfer,Express,No,Yes,5,Bi-Weekly
731,18-25,Male,Garden Tools,Home & Garden,10.0,Pennsylvania,N/A,N/A,Winter,5,No,Credit Card,Express,Yes,No,6,Weekly
732,46-55,Female,Shirt,Clothing,115.18,Ohio,XS,Black,Winter,4,No,PayPal,Express,No,No,4,Annually
733,56-65,Female,DVD,Books & Media,10.0,Illinois,N/A,N/A,Fall,4,Yes,Cash,Standard,No,Yes,10,Quarterly
734,56-65,Male,Sneakers,Footwear,53.92,Virginia,L,Black,Winter,5,No,Debit Card,Free Shipping,No,No,7,Quarterly
735,26-35,Male,Handbag,Accessories,130.4,Michigan,N/A,Blue,Fall,5,No,PayPal,Express,No,No,6,Monthly
736,36-45,Female,Music Album,Books & Media,11.68,California,N/A,N/A,Spring,5,No,PayPal,Standard,Yes,No,4,Monthly
737,46-55,Female,Magazine,Books & Media,17.46,Illinois,N/A,N/A,Fall,4,Yes,Bank Transfer,Express,No,No,4,Annually
738,18-25,Male,Skincare,Beauty & Personal Care,83.88,Pennsylvania,N/A,N/A,Spring,5,No,Debit Card,Free Shipping,No,No,4,Quarterly
739,56-65,Male,Makeup,Beauty & Personal Care,83.78,Michigan,N/A,N/A,Summer,5,No,Bank Transfer,Express,No,Yes,2,Quarterly
740,46-55,Male,Headphones,Electronics,570.54,New York,N/A,N/A,Winter,4,Yes,PayPal,Next Day Delivery,No,No,4,Annually
741,65+,Female,Handbag,Accessories,134.53,New Jersey,N/A,Gray,Spring,4,No,Bank Transfer,Free Shipping,No,Yes,5,Weekly
742,56-65,Male,DVD,Books & Media,34.39,North Carolina,N/A,N/A,Spring,3,No,PayPal,Express,Yes,No,14,Monthly
743,46-55,Female,Smartwatch,Electronics,658.09,Texas,N/A,N/A,Winter,5,No,Debit Card,Free Shipping,No,No,4,Weekly
744,18-25,Female,Handbag,Accessories,92.21,Michigan,N/A,Brown,Spring,5,Yes,Cash,Express,Yes,No,5,Quarterly
745,56-65,Male,Bedding,Home & Garden,130.55,Michigan,N/A,N/A,Winter,5,No,Cash,Express,No,No,9,Monthly
746,36-45,Male,Bedding,Home & Garden,219.11,Virginia,N/A,N/A,Fall,5,No,Credit Card,Standard,No,No,8,Annually
747,56-65,Female,Makeup,Beauty & Personal Care,75.72,Illinois,N/A,N/A,Spring,5,No,Debit Card,Standard,Yes,Yes,4,Weekly
748,65+,Male,Puzzle,Toys & Games,43.96,Texas,N/A,N/A,Fall,5,No,Credit Card,Express,No,No,5,Quarterly
749,65+,Male,Hair Care,Beauty & Personal Care,14.76,Virginia,N/A,N/A,Winter,5,Yes,PayPal,Free Shipping,No,No,5,Quarterly
750,56-65,Female,Wallet,Accessories,111.4,Florida,N/A,Red,Summer,4,No,Cash,Free Shipping,No,No,7,Monthly
751,46-55,Male,Sandals,Footwear,57.1,New Jersey,S,White,Spring,4,No,Credit Card,Standard,No,No,6,Bi-Weekly
752,65+,Female,Music Album,Books & Media,33.79,Florida,N/A,N/A,Spring,4,No,Cash,Free Shipping,No,No,6,Quarterly
753,65+,Other,Makeup,Beauty & Personal Care,39.04,Georgia,N/A,N/A,Winter,5,Yes,Bank Transfer,Free Shipping,No,No,6,Quarterly
754,36-45,Female,Handbag,Accessories,23.9,Ohio,N/A,Green,Spring,5,No,Bank Transfer,Free Shipping,Yes,No,8,Bi-Weekly
755,65+,Male,Puzzle,Toys & Games,27.96,Ohio,N/A,N/A,Fall,5,No,Credit Card,Standard,No,No,7,Annually
756,46-55,Male,Fitness Equipment,Sports & Outdoors,201.9,Michigan,N/A,N/A,Winter,5,Yes,Credit Card,Express,No,No,4,Annually
757,36-45,Female,Novel,Books & Media,35.85,North Carolina,N/A,N/A,Spring,4,Yes,Cash,Free Shipping,Yes,No,6,Weekly
758,65+,Male,Puzzle,Toys & Games,35.58,Michigan,N/A,N/A,Spring,5,No,Debit Card,Standard,Yes,No,12,Quarterly
759,46-55,Female,Video Game,Toys & Games,41.75,Michigan,N/A,N/A,Fall,5,No,PayPal,Next Day Delivery,No,No,9,Monthly
760,36-45,Female,Sneakers,Footwear,114.78,Virginia,XL,Gray,Fall,5,No,Bank Transfer,Next Day Delivery,Yes,No,7,Weekly
761,65+,Female,Magazine,Books & Media,24.88,Michigan,N/A,N/A,Spring,4,Yes,Debit Card,Standard,Yes,No,11,Monthly
762,46-55,Male,Laptop,Electronics,175.85,North Carolina,N/A,N/A,Spring,4,Yes,Debit Card,Next Day Delivery,No,Yes,3,Bi-Weekly
763,56-65,Female,Decor,Home & Garden,140.59,Illinois,N/A,N/A,Spring,5,No,Credit Card,Express,No,Yes,5,Annually
764,65+,Female,Casual Shoes,Footwear,120.75,Georgia,M,Brown,Summer,5,No,Debit Card,Express,Yes,No,10,Quarterly
765,26-35,Female,Board Game,Toys & Games,35.03,Pennsylvania,N/A,N/A,Spring,4,No,Cash,Express,No,No,5,Quarterly
766,46-55,Female,Makeup,Beauty & Personal Care,28.75,New Jersey,N/A,N/A,Winter,5,No,Cash,Express,No,Yes,6,Annually
767,65+,Female,Fitness Equipment,Sports & Outdoors,196.19,New Jersey,N/A,N/A,Fall,4,No,Credit Card,Standard,Yes,No,4,Bi-Weekly
768,46-55,Female,Fragrance,Beauty & Personal Care,30.92,Illinois,N/A,N/A,Winter,3,No,Bank Transfer,Express,No,No,8,Quarterly
769,65+,Female,Fragrance,Beauty & Personal Care,28.51,Illinois,N/A,N/A,Summer,5,No,Bank Transfer,Free Shipping,No,No,5,Weekly
770,36-45,Female,Music Album,Books & Media,14.41,New Jersey,N/A,N/A,Fall,5,No,Bank Transfer,Standard,Yes,No,4,Weekly
771,56-65,Female,Bike,Sports & Outdoors,197.94,Michigan,N/A,N/A,Fall,5,No,Debit Card,Next Day Delivery,No,No,2,Monthly
772,18-25,Female,Garden Tools,Home & Garden,86.48,Ohio,N/A,N/A,Winter,5,No,Cash,Express,Yes,No,8,Annually
773,36-45,Female,Sandals,Footwear,106.43,North Carolina,XS,Gray,Spring,4,No,Credit Card,Standard,No,No,5,Quarterly
774,18-25,Male,Board Game,Toys & Games,28.04,New Jersey,N/A,N/A,Winter,5,No,Debit Card,Express,No,No,7,Monthly
775,36-45,Female,Watch,Accessories,38.87,California,N/A,Green,Spring,5,No,Credit Card,Express,No,No,8,Annually
776,65+,Other,Camera,Electronics,342.64,Texas,N/A,N/A,Spring,4,No,Bank Transfer,Express,No,No,10,Quarterly
777,65+,Female,Sneakers,Footwear,146.58,Virginia,S,Blue,Fall,5,Yes,PayPal,Standard,No,No,6,Quarterly
778,36-45,Female,Hair Care,Beauty & Personal Care,54.13,Illinois,N/A,N/A,Summer,4,No,Credit Card,Next Day Delivery,No,No,4,Weekly
779,46-55,Female,Hair Care,Beauty & Personal Care,64.68,California,N/A,N/A,Fall,5,Yes,Debit Card,Express,Yes,No,8,Quarterly
780,18-25,Other,Magazine,Books & Media,22.63,Michigan,N/A,N/A,Winter,5,Yes,Cash,Free Shipping,No,No,2,Weekly
781,26-35,Female,Video Game,Toys & Games,42.7,New York,N/A,N/A,Spring,5,No,PayPal,Next Day Delivery,Yes,No,5,Weekly
782,18-25,Female,Smartphone,Electronics,46.68,Michigan,N/A,N/A,Fall,5,Yes,PayPal,Standard,No,Yes,8,Quarterly
783,26-35,Female,Shirt,Clothing,98.29,New Jersey,L,Blue,Summer,5,No,Debit Card,Free Shipping,No,No,5,Annually
784,18-25,Male,Video Game,Toys & Games,27.74,Georgia,N/A,N/A,Winter,3,Yes,PayPal,Standard,No,Yes,4,Annually
785,26-35,Other,Jacket,Clothing,45.99,Virginia,L,Black,Fall,4,No,Debit Card,Next Day Delivery,No,No,4,Quarterly
786,18-25,Female,Headphones,Electronics,636.31,North Carolina,N/A,N/A,Fall,5,No,Credit Card,Free Shipping,No,No,4,Monthly
787,65+,Female,Handbag,Accessories,91.06,North Carolina,N/A,Black,Winter,4,No,Cash,Next Day Delivery,No,No,8,Quarterly
788,18-25,Male,Bike,Sports & Outdoors,163.62,Texas,N/A,N/A,Winter,4,No,Cash,Express,No,No,2,Weekly
789,26-35,Male,Jeans,Clothing,75.68,Michigan,S,Red,Winter,5,Yes,Credit Card,Next Day Delivery,No,Yes,8,Quarterly
790,56-65,Female,Novel,Books & Media,10.0,California,N/A,N/A,Fall,5,No,Credit Card,Next Day Delivery,No,Yes,6,Weekly
791,46-55,Female,Laptop,Electronics,373.17,New Jersey,N/A,N/A,Winter,5,No,Bank Transfer,Express,No,No,6,Annually
792,26-35,Male,Smartphone,Electronics,127.07,Virginia,N/A,N/A,Summer,5,No,PayPal,Standard,No,Yes,8,Quarterly
793,56-65,Male,Pants,Clothing,36.43,Virginia,S,Black,Summer,5,No,Credit Card,Next Day Delivery,No,Yes,2,Weekly
794,46-55,Female,Running Shoes,Footwear,54.87,Texas,XS,Black,Winter,3,Yes,Bank Transfer,Express,No,No,8,Weekly
795,26-35,Female,Hair Care,Beauty & Personal Care,10.0,Virginia,N/A,N/A,Winter,3,No,Debit Card,Standard,No,No,5,Annually
796,56-65,Male,Sandals,Footwear,151.86,New York,XS,Green,Summer,5,No,Debit Card,Standard,No,No,3,Weekly
797,36-45,Male,Heels,Footwear,94.35,Florida,M,Green,Summer,4,No,PayPal,Express,No,No,5,Annually
798,18-25,Female,Sneakers,Footwear,144.43,New Jersey,XL,Red,Summer,3,No,Credit Card,Free Shipping,Yes,No,3,Weekly
799,18-25,Female,Pants,Clothing,94.31,Texas,XL,Blue,Winter,4,No,PayPal,Express,Yes,No,9,Bi-Weekly
800,26-35,Male,Garden Tools,Home & Garden,194.96,Georgia,N/A,N/A,Winter,4,Yes,Cash,Express,No,No,5,Annually
801,65+,Male,Sweater,Clothing,55.78,Florida,L,Green,Spring,5,No,Debit Card,Next Day Delivery,No,Yes,4,Quarterly
802,18-25,Female,Action Figure,Toys & Games,39.76,New York,N/A,N/A,Spring,4,No,Bank Transfer,Standard,Yes,No,7,Annually
803,36-45,Male,Action Figure,Toys & Games,75.83,Georgia,N/A,N/A,Summer,4,No,Debit Card,Standard,Yes,No,5,Bi-Weekly
804,18-25,Female,Casual Shoes,Footwear,162.22,Georgia,L,White,Summer,5,Yes,Credit Card,Standard,Yes,No,6,Monthly
805,36-45,Female,Jewelry,Accessories,90.53,Illinois,N/A,Blue,Winter,4,No,Credit Card,Standard,No,Yes,6,Weekly
806,56-65,Female,Boots,Footwear,81.56,California,L,Green,Spring,5,No,Credit Card,Express,No,No,9,Quarterly
807,56-65,Female,Bike,Sports & Outdoors,48.22,New York,N/A,N/A,Fall,5,Yes,Cash,Standard,No,No,5,Monthly
808,26-35,Female,Laptop,Electronics,303.2,Virginia,N/A,N/A,Winter,4,Yes,Cash,Free Shipping,No,Yes,9,Bi-Weekly
809,18-25,Male,Music Album,Books & Media,29.1,California,N/A,N/A,Winter,5,No,Cash,Express,No,No,4,Annually
810,46-55,Male,Heels,Footwear,90.15,Pennsylvania,S,Red,Summer,5,Yes,Debit Card,Next Day Delivery,No,No,5,Bi-Weekly
811,36-45,Male,Sneakers,Footwear,118.99,Virginia,XL,Black,Fall,5,No,Cash,Standard,Yes,No,6,Quarterly
812,46-55,Female,Makeup,Beauty & Personal Care,25.44,Pennsylvania,N/A,N/A,Summer,5,No,Debit Card,Express,Yes,No,6,Annually
813,26-35,Female,Action Figure,Toys & Games,68.02,Texas,N/A,N/A,Winter,4,No,Bank Transfer,Free Shipping,No,No,7,Bi-Weekly
814,56-65,Female,Music Album,Books & Media,10.0,Illinois,N/A,N/A,Spring,5,Yes,PayPal,Express,No,No,2,Bi-Weekly
815,36-45,Female,Makeup,Beauty & Personal Care,49.2,Michigan,N/A,N/A,Summer,5,No,Bank Transfer,Standard,No,No,6,Quarterly
816,18-25,Other,Jacket,Clothing,93.45,Virginia,XL,Black,Winter,5,No,Bank Transfer,Free Shipping,Yes,No,8,Quarterly
817,65+,Female,Tablet,Electronics,194.81,Georgia,N/A,N/A,Summer,3,No,Credit Card,Standard,No,No,8,Quarterly
818,26-35,Female,Sandals,Footwear,150.36,Illinois,S,Gray,Spring,5,Yes,Credit Card,Free Shipping,No,No,8,Monthly
819,26-35,Female,Novel,Books & Media,26.93,Georgia,N/A,N/A,Winter,5,Yes,Cash,Free Shipping,No,No,5,Bi-Weekly
820,36-45,Female,Novel,Books & Media,25.6,New Jersey,N/A,N/A,Spring,5,No,PayPal,Next Day Delivery,No,No,1,Annually
821,18-25,Male,Bedding,Home & Garden,161.54,Illinois,N/A,N/A,Summer,4,Yes,Credit Card,Next Day Delivery,Yes,No,2,Weekly
822,56-65,Female,Fitness Equipment,Sports & Outdoors,10.0,Texas,N/A,N/A,Winter,4,No,Debit Card,Free Shipping,No,No,7,Annually
823,18-25,Female,Sports Apparel,Sports & Outdoors,168.58,Florida,N/A,N/A,Spring,4,Yes,Bank Transfer,Express,No,No,3,Bi-Weekly
824,36-45,Male,Belt,Accessories,127.23,Texas,N/A,Gray,Winter,4,No,Bank Transfer,Express,No,No,2,Bi-Weekly
825,36-45,Male,Sports Apparel,Sports & Outdoors,148.52,North Carolina,N/A,N/A,Winter,5,Yes,Debit Card,Standard,No,No,4,Weekly
826,36-45,Male,Bike,Sports & Outdoors,93.78,Georgia,N/A,N/A,Spring,4,No,PayPal,Next Day Delivery,No,No,8,Quarterly
827,56-65,Male,Fitness Equipment,Sports & Outdoors,70.96,New York,N/A,N/A,Winter,5,No,Credit Card,Standard,No,No,4,Quarterly
828,26-35,Male,Furniture,Home & Garden,123.87,Texas,N/A,N/A,Summer,4,Yes,Debit Card,Standard,No,No,7,Bi-Weekly
829,46-55,Female,Boots,Footwear,158.17,North Carolina,XS,Blue,Winter,5,Yes,Bank Transfer,Express,No,No,6,Quarterly
830,36-45,Male,Fragrance,Beauty & Personal Care,68.48,Virginia,N/A,N/A,Spring,5,Yes,Debit Card,Express,No,No,3,Weekly
831,18-25,Female,Belt,Accessories,95.66,New Jersey,N/A,Blue,Winter,5,No,Bank Transfer,Next Day Delivery,No,No,6,Monthly
832,46-55,Male,Video Game,Toys & Games,42.13,Georgia,N/A,N/A,Fall,4,No,Bank Transfer,Express,No,No,7,Monthly
833,26-35,Male,Kitchenware,Home & Garden,108.05,Georgia,N/A,N/A,Fall,3,No,Debit Card,Standard,Yes,No,8,Bi-Weekly
834,36-45,Male,Bedding,Home & Garden,342.49,Florida,N/A,N/A,Summer,5,Yes,Bank Transfer,Next Day Delivery,No,Yes,3,Bi-Weekly
835,26-35,Male,Boots,Footwear,185.53,New York,XS,Black,Fall,5,Yes,Bank Transfer,Express,No,No,7,Quarterly
836,36-45,Male,Camping Gear,Sports & Outdoors,180.27,New York,N/A,N/A,Spring,5,Yes,Debit Card,Next Day Delivery,No,No,3,Bi-Weekly
837,36-45,Other,Magazine,Books & Media,23.25,North Carolina,N/A,N/A,Fall,5,No,Credit Card,Standard,No,No,7,Quarterly
838,46-55,Male,Heels,Footwear,188.01,Pennsylvania,S,Black,Fall,5,Yes,Debit Card,Free Shipping,No,No,10,Monthly
839,56-65,Male,Running Shoes,Footwear,123.0,Virginia,L,Blue,Spring,5,No,PayPal,Standard,No,No,4,Bi-Weekly
840,65+,Male,Board Game,Toys & Games,39.86,Illinois,N/A,N/A,Spring,5,Yes,PayPal,Express,Yes,No,7,Quarterly
841,36-45,Female,Headphones,Electronics,202.43,California,N/A,N/A,Summer,5,Yes,Bank Transfer,Express,No,No,3,Monthly
842,26-35,Female,Shirt,Clothing,96.69,North Carolina,L,Gray,Spring,4,Yes,Bank Transfer,Free Shipping,Yes,Yes,4,Bi-Weekly
843,46-55,Female,Fitness Equipment,Sports & Outdoors,88.25,New Jersey,N/A,N/A,Fall,3,No,PayPal,Express,No,No,7,Quarterly
844,36-45,Male,Hair Care,Beauty & Personal Care,48.71,California,N/A,N/A,Fall,5,No,Debit Card,Next Day Delivery,No,No,4,Monthly
845,46-55,Female,Board Game,Toys & Games,36.53,New York,N/A,N/A,Winter,5,No,PayPal,Free Shipping,No,No,3,Monthly
846,26-35,Male,Fragrance,Beauty & Personal Care,74.96,Florida,N/A,N/A,Spring,5,Yes,Cash,Express,Yes,No,7,Monthly
847,46-55,Male,Puzzle,Toys & Games,10.0,Texas,N/A,N/A,Winter,5,No,Credit Card,Standard,Yes,No,3,Quarterly
848,65+,Male,Bedding,Home & Garden,139.04,Florida,N/A,N/A,Winter,4,No,Bank Transfer,Express,No,No,8,Bi-Weekly
849,26-35,Female,Hair Care,Beauty & Personal Care,39.79,North Carolina,N/A,N/A,Winter,4,No,Credit Card,Next Day Delivery,No,No,4,Annually
850,36-45,Male,Music Album,Books & Media,28.71,New York,N/A,N/A,Spring,5,Yes,Credit Card,Express,Yes,No,2,Monthly
851,36-45,Other,Novel,Books & Media,17.21,New Jersey,N/A,N/A,Fall,5,No,PayPal,Express,No,No,5,Quarterly
852,65+,Other,Watch,Accessories,76.21,Texas,N/A,Brown,Fall,5,Yes,PayPal,Standard,Yes,No,6,Annually
853,65+,Male,Bike,Sports & Outdoors,131.54,Michigan,N/A,N/A,Winter,4,No,Debit Card,Free Shipping,No,No,5,Weekly
854,36-45,Other,Board Game,Toys & Games,55.01,Illinois,N/A,N/A,Summer,3,Yes,Bank Transfer,Standard,No,No,3,Bi-Weekly
855,36-45,Male,Magazine,Books & Media,25.42,Pennsylvania,N/A,N/A,Summer,4,No,Credit Card,Next Day Delivery,Yes,No,7,Monthly
856,46-55,Male,Fitness Equipment,Sports & Outdoors,268.2,Illinois,N/A,N/A,Fall,5,No,Bank Transfer,Standard,No,No,7,Annually
857,26-35,Male,Sneakers,Footwear,75.56,Michigan,S,Green,Fall,5,No,Debit Card,Next Day Delivery,Yes,No,2,Monthly
858,65+,Female,Fitness Equipment,Sports & Outdoors,100.42,North Carolina,N/A,N/A,Fall,5,No,Cash,Standard,No,No,5,Bi-Weekly
859,56-65,Male,Decor,Home & Garden,187.45,Georgia,N/A,N/A,Winter,5,Yes,Debit Card,Express,No,No,6,Weekly
860,26-35,Male,Running Shoes,Footwear,132.86,New York,S,Brown,Spring,4,No,PayPal,Free Shipping,Yes,No,4,Weekly
861,18-25,Male,Sneakers,Footwear,117.44,Georgia,M,Blue,Fall,5,No,Cash,Free Shipping,No,No,5,Annually
862,56-65,Male,Camping Gear,Sports & Outdoors,15.12,Virginia,N/A,N/A,Fall,5,No,Credit Card,Standard,Yes,No,8,Bi-Weekly
863,26-35,Female,Casual Shoes,Footwear,82.34,New York,M,White,Summer,4,No,Cash,Standard,No,Yes,6,Quarterly
864,65+,Female,Smartphone,Electronics,377.28,California,N/A,N/A,Winter,5,No,PayPal,Standard,No,No,8,Bi-Weekly
865,18-25,Female,Blouse,Clothing,95.47,New Jersey,XL,Green,Spring,5,Yes,PayPal,Standard,No,No,8,Monthly
866,18-25,Male,Headphones,Electronics,589.32,New Jersey,N/A,N/A,Spring,4,No,Credit Card,Standard,No,No,5,Annually
867,26-35,Other,Handbag,Accessories,71.08,New Jersey,N/A,Blue,Spring,5,No,Credit Card,Express,No,Yes,8,Monthly
868,56-65,Female,Sports Apparel,Sports & Outdoors,67.32,Florida,N/A,N/A,Summer,5,Yes,Bank Transfer,Standard,No,No,6,Weekly
869,56-65,Male,Sweater,Clothing,81.87,New York,S,Blue,Summer,5,No,Bank Transfer,Standard,No,No,9,Weekly
870,26-35,Male,Video Game,Toys & Games,24.89,Pennsylvania,N/A,N/A,Summer,5,No,PayPal,Standard,No,No,9,Bi-Weekly
871,36-45,Female,Fragrance,Beauty & Personal Care,54.1,New York,N/A,N/A,Summer,5,No,PayPal,Standard,Yes,No,8,Monthly
872,18-25,Male,Novel,Books & Media,25.24,North Carolina,N/A,N/A,Summer,5,Yes,PayPal,Next Day Delivery,Yes,No,6,Monthly
873,56-65,Male,Shirt,Clothing,80.14,Pennsylvania,L,Black,Winter,5,No,Debit Card,Free Shipping,Yes,Yes,4,Annually
874,65+,Female,Bedding,Home & Garden,196.97,New York,N/A,N/A,Winter,5,Yes,Debit Card,Free Shipping,Yes,Yes,3,Bi-Weekly
875,18-25,Male,DVD,Books & Media,33.07,Florida,N/A,N/A,Spring,5,No,PayPal,Standard,No,Yes,8,Quarterly
876,46-55,Female,Board Game,Toys & Games,10.0,Texas,N/A,N/A,Summer,5,No,PayPal,Free Shipping,No,No,6,Annually
877,18-25,Female,Sneakers,Footwear,48.79,Pennsylvania,S,Blue,Summer,5,No,Bank Transfer,Free Shipping,Yes,No,7,Weekly
878,26-35,Female,Fragrance,Beauty & Personal Care,83.23,Illinois,N/A,N/A,Fall,5,Yes,PayPal,Next Day Delivery,Yes,No,6,Quarterly
879,65+,Male,Fragrance,Beauty & Personal Care,60.76,North Carolina,N/A,N/A,Fall,5,No,Cash,Free Shipping,No,No,9,Weekly
880,18-25,Male,Bedding,Home & Garden,186.91,Georgia,N/A,N/A,Summer,5,No,Cash,Standard,No,No,6,Weekly
881,65+,Female,Blouse,Clothing,29.78,Texas,L,Gray,Spring,4,No,Cash,Free Shipping,No,No,4,Annually
882,65+,Female,Camping Gear,Sports & Outdoors,76.6,Illinois,N/A,N/A,Spring,5,No,Credit Card,Free Shipping,No,No,9,Quarterly
883,26-35,Female,Bedding,Home & Garden,112.93,Georgia,N/A,N/A,Fall,4,Yes,Bank Transfer,Next Day Delivery,No,No,9,Annually
884,56-65,Male,Blouse,Clothing,43.05,California,L,Black,Winter,5,No,PayPal,Next Day Delivery,No,No,8,Quarterly
885,46-55,Female,Novel,Books & Media,27.34,California,N/A,N/A,Summer,5,No,Bank Transfer,Next Day Delivery,No,No,5,Bi-Weekly
886,46-55,Male,Makeup,Beauty & Personal Care,68.3,Illinois,N/A,N/A,Winter,4,No,PayPal,Standard,Yes,Yes,5,Annually
887,65+,Male,Music Album,Books & Media,27.87,Georgia,N/A,N/A,Summer,5,Yes,Bank Transfer,Standard,No,No,7,Quarterly
888,36-45,Male,Music Album,Books & Media,34.44,Michigan,N/A,N/A,Fall,5,No,Debit Card,Next Day Delivery,Yes,No,8,Weekly
889,18-25,Male,Pants,Clothing,128.09,Pennsylvania,M,Brown,Spring,4,No,Debit Card,Free Shipping,No,Yes,6,Weekly
890,46-55,Male,Sports Apparel,Sports & Outdoors,184.91,Ohio,N/A,N/A,Fall,4,Yes,Credit Card,Express,Yes,No,7,Bi-Weekly
891,26-35,Female,Garden Tools,Home & Garden,229.09,Texas,N/A,N/A,Spring,4,No,Debit Card,Standard,No,No,5,Monthly
892,26-35,Female,Sweater,Clothing,63.57,Pennsylvania,XS,Red,Winter,5,Yes,Bank Transfer,Free Shipping,No,No,5,Monthly
893,18-25,Female,Novel,Books & Media,44.84,Pennsylvania,N/A,N/A,Winter,5,Yes,Bank Transfer,Free Shipping,No,Yes,5,Monthly
894,56-65,Male,Tablet,Electronics,551.44,Texas,N/A,N/A,Summer,4,No,Debit Card,Free Shipping,No,No,7,Annually
895,65+,Male,Camping Gear,Sports & Outdoors,172.89,Michigan,N/A,N/A,Fall,3,No,Debit Card,Free Shipping,Yes,No,6,Bi-Weekly
896,46-55,Female,Smartwatch,Electronics,232.36,New York,N/A,N/A,Fall,5,No,Debit Card,Standard,No,No,4,Monthly
897,56-65,Male,Makeup,Beauty & Personal Care,38.52,Michigan,N/A,N/A,Spring,5,No,Bank Transfer,Standard,No,Yes,7,Annually
898,36-45,Female,Furniture,Home & Garden,166.95,Michigan,N/A,N/A,Winter,5,Yes,PayPal,Express,No,No,7,Monthly
899,18-25,Male,Garden Tools,Home & Garden,154.86,Illinois,N/A,N/A,Winter,4,Yes,Bank Transfer,Next Day Delivery,No,No,4,Bi-Weekly
900,46-55,Female,Hair Care,Beauty & Personal Care,83.53,Michigan,N/A,N/A,Winter,5,No,Bank Transfer,Express,No,No,7,Weekly
901,65+,Female,Action Figure,Toys & Games,35.02,Michigan,N/A,N/A,Winter,4,No,Cash,Free Shipping,No,No,8,Monthly
902,65+,Female,Video Game,Toys & Games,24.9,Michigan,N/A,N/A,Spring,5,Yes,Bank Transfer,Express,No,Yes,5,Monthly
903,46-55,Male,Boots,Footwear,106.7,Florida,M,Brown,Winter,5,No,PayPal,Next Day Delivery,No,Yes,5,Weekly
904,65+,Female,Jewelry,Accessories,112.27,Illinois,N/A,Brown,Fall,5,Yes,Cash,Next Day Delivery,No,No,3,Annually
905,26-35,Male,Makeup,Beauty & Personal Care,23.63,Texas,N/A,N/A,Summer,5,Yes,Cash,Standard,Yes,Yes,8,Bi-Weekly
906,36-45,Female,Music Album,Books & Media,28.45,North Carolina,N/A,N/A,Winter,5,Yes,PayPal,Standard,Yes,No,5,Bi-Weekly
907,26-35,Female,Kitchenware,Home & Garden,226.09,California,N/A,N/A,Fall,5,No,Debit Card,Express,No,Yes,9,Weekly
908,65+,Male,Novel,Books & Media,15.12,California,N/A,N/A,Spring,5,Yes,Debit Card,Next Day Delivery,No,Yes,2,Weekly
909,46-55,Female,Fitness Equipment,Sports & Outdoors,43.26,Ohio,N/A,N/A,Summer,3,No,Cash,Standard,No,Yes,6,Annually
910,65+,Female,Board Game,Toys & Games,17.48,North Carolina,N/A,N/A,Fall,4,No,PayPal,Standard,No,No,8,Bi-Weekly
911,56-65,Female,Headphones,Electronics,182.26,Pennsylvania,N/A,N/A,Winter,4,No,Cash,Free Shipping,No,No,11,Bi-Weekly
912,26-35,Male,Laptop,Electronics,512.29,New York,N/A,N/A,Fall,5,Yes,PayPal,Free Shipping,Yes,No,10,Monthly
913,56-65,Female,Jacket,Clothing,82.92,North Carolina,M,Gray,Spring,5,No,Debit Card,Free Shipping,Yes,No,11,Quarterly
914,65+,Male,Sunglasses,Accessories,48.09,Florida,N/A,Blue,Winter,3,No,Debit Card,Next Day Delivery,No,Yes,7,Weekly
915,65+,Male,Blouse,Clothing,100.45,Virginia,XS,Gray,Summer,4,No,Debit Card,Free Shipping,No,No,9,Monthly
916,65+,Male,Fitness Equipment,Sports & Outdoors,148.9,North Carolina,N/A,N/A,Summer,5,Yes,PayPal,Free Shipping,Yes,Yes,10,Weekly
917,46-55,Female,Decor,Home & Garden,138.93,Texas,N/A,N/A,Summer,5,No,Debit Card,Express,No,No,4,Bi-Weekly
918,46-55,Male,Bike,Sports & Outdoors,87.35,California,N/A,N/A,Fall,5,Yes,Credit Card,Free Shipping,Yes,No,9,Quarterly
919,65+,Female,Hair Care,Beauty & Personal Care,37.82,Virginia,N/A,N/A,Winter,5,No,Credit Card,Express,No,No,8,Monthly
920,56-65,Female,Headphones,Electronics,10.0,Ohio,N/A,N/A,Fall,5,Yes,PayPal,Standard,No,No,2,Weekly
921,65+,Female,Casual Shoes,Footwear,201.43,Georgia,S,Black,Winter,5,No,Cash,Next Day Delivery,No,No,3,Monthly
922,56-65,Female,Smartphone,Electronics,436.97,Florida,N/A,N/A,Summer,4,No,Bank Transfer,Express,No,No,6,Annually
923,65+,Female,Hair Care,Beauty & Personal Care,58.59,Georgia,N/A,N/A,Winter,5,Yes,Cash,Next Day Delivery,No,No,4,Bi-Weekly
924,65+,Male,Sports Apparel,Sports & Outdoors,67.39,New York,N/A,N/A,Spring,5,No,PayPal,Next Day Delivery,No,No,6,Bi-Weekly
925,46-55,Female,Makeup,Beauty & Personal Care,53.0,California,N/A,N/A,Spring,3,Yes,Bank Transfer,Express,Yes,No,10,Weekly
926,46-55,Female,Sunglasses,Accessories,10.0,Virginia,N/A,Brown,Summer,4,No,Credit Card,Free Shipping,No,No,7,Annually
927,46-55,Male,Kitchenware,Home & Garden,74.65,Texas,N/A,N/A,Fall,3,Yes,Cash,Standard,No,No,10,Weekly
928,65+,Male,Video Game,Toys & Games,39.62,Georgia,N/A,N/A,Winter,5,Yes,Credit Card,Express,No,No,4,Bi-Weekly
929,26-35,Male,Decor,Home & Garden,92.47,Virginia,N/A,N/A,Winter,4,No,PayPal,Express,No,No,8,Quarterly
930,26-35,Female,Sunglasses,Accessories,86.11,Virginia,N/A,Gray,Summer,5,Yes,PayPal,Express,No,No,6,Quarterly
931,26-35,Male,Dress,Clothing,70.66,Illinois,S,Green,Winter,4,No,Cash,Next Day Delivery,No,No,7,Annually
932,65+,Female,Novel,Books & Media,40.42,California,N/A,N/A,Winter,4,Yes,Cash,Next Day Delivery,No,No,8,Quarterly
933,65+,Male,Wallet,Accessories,50.94,Ohio,N/A,Gray,Winter,5,Yes,Bank Transfer,Next Day Delivery,No,No,7,Weekly
934,18-25,Male,Board Game,Toys & Games,37.4,California,N/A,N/A,Fall,3,No,Cash,Free Shipping,No,No,6,Monthly
935,56-65,Male,Shirt,Clothing,86.35,Illinois,XL,Green,Winter,3,Yes,Debit Card,Free Shipping,No,Yes,3,Monthly
936,26-35,Female,Board Game,Toys & Games,22.29,Michigan,N/A,N/A,Summer,4,Yes,Debit Card,Express,No,Yes,8,Annually
937,46-55,Female,Bike,Sports & Outdoors,194.91,Florida,N/A,N/A,Spring,5,Yes,Debit Card,Free Shipping,Yes,No,5,Bi-Weekly
938,36-45,Male,Headphones,Electronics,768.36,California,N/A,N/A,Summer,4,No,PayPal,Next Day Delivery,No,Yes,6,Monthly
939,46-55,Male,Decor,Home & Garden,123.3,Michigan,N/A,N/A,Fall,4,No,Bank Transfer,Next Day Delivery,No,Yes,4,Quarterly
940,26-35,Female,Bike,Sports & Outdoors,164.37,Florida,N/A,N/A,Winter,5,No,Credit Card,Express,Yes,Yes,10,Bi-Weekly
941,18-25,Male,Handbag,Accessories,119.46,California,N/A,Red,Fall,5,No,Cash,Free Shipping,No,No,5,Quarterly
942,18-25,Female,Novel,Books & Media,18.63,Georgia,N/A,N/A,Fall,4,No,Bank Transfer,Free Shipping,No,No,5,Quarterly
943,46-55,Female,Camera,Electronics,658.66,Florida,N/A,N/A,Spring,5,Yes,Debit Card,Standard,No,No,6,Bi-Weekly
944,36-45,Female,Boots,Footwear,145.18,Virginia,XL,Brown,Fall,3,Yes,Bank Transfer,Express,No,No,4,Annually
945,18-25,Male,Action Figure,Toys & Games,42.02,Ohio,N/A,N/A,Spring,5,No,Cash,Free Shipping,No,No,7,Weekly
946,36-45,Male,Dress,Clothing,68.58,New Jersey,XS,Red,Fall,5,No,Bank Transfer,Standard,Yes,No,11,Monthly
947,26-35,Female,Shirt,Clothing,66.52,Georgia,L,Red,Fall,5,No,Bank Transfer,Standard,Yes,No,4,Monthly
948,18-25,Male,DVD,Books & Media,24.5,Virginia,N/A,N/A,Summer,4,No,Cash,Standard,No,No,5,Monthly
949,36-45,Female,Jeans,Clothing,88.69,Texas,XL,Green,Winter,5,Yes,Credit Card,Free Shipping,Yes,No,7,Monthly
950,26-35,Male,Jewelry,Accessories,75.32,Texas,N/A,Black,Summer,5,No,Cash,Free Shipping,No,Yes,7,Quarterly
951,36-45,Female,Sneakers,Footwear,221.78,Illinois,L,Brown,Winter,4,Yes,Debit Card,Express,No,No,9,Monthly
952,65+,Male,Headphones,Electronics,798.42,North Carolina,N/A,N/A,Summer,5,Yes,PayPal,Free Shipping,No,No,6,Quarterly
953,46-55,Female,Garden Tools,Home & Garden,159.54,Michigan,N/A,N/A,Winter,4,No,Credit Card,Free Shipping,Yes,No,6,Monthly
954,56-65,Female,Heels,Footwear,83.55,New Jersey,L,Black,Spring,5,No,Bank Transfer,Next Day Delivery,No,No,7,Quarterly
955,65+,Female,Wallet,Accessories,114.22,New Jersey,N/A,Gray,Summer,5,Yes,PayPal,Standard,No,No,9,Monthly
956,46-55,Male,Skincare,Beauty & Personal Care,46.29,Georgia,N/A,N/A,Fall,3,No,Cash,Express,No,Yes,5,Monthly
957,26-35,Male,Video Game,Toys & Games,27.26,Illinois,N/A,N/A,Spring,5,No,Bank Transfer,Standard,No,No,7,Weekly
958,56-65,Male,Smartwatch,Electronics,483.37,Ohio,N/A,N/A,Winter,4,No,Credit Card,Free Shipping,No,No,7,Annually
959,36-45,Female,Sports Apparel,Sports & Outdoors,176.3,Michigan,N/A,N/A,Spring,4,No,Bank Transfer,Standard,No,No,4,Weekly
960,65+,Female,Magazine,Books & Media,21.22,Florida,N/A,N/A,Winter,3,Yes,Credit Card,Standard,Yes,No,3,Quarterly
961,65+,Female,Decor,Home & Garden,162.82,Michigan,N/A,N/A,Winter,5,Yes,PayPal,Next Day Delivery,Yes,Yes,3,Monthly
962,26-35,Male,Handbag,Accessories,45.4,Texas,N/A,Gray,Fall,5,No,Credit Card,Free Shipping,No,No,8,Annually
963,18-25,Female,Jacket,Clothing,124.93,Texas,XS,White,Winter,5,Yes,PayPal,Free Shipping,Yes,No,2,Annually
964,65+,Male,DVD,Books & Media,20.24,Michigan,N/A,N/A,Fall,5,No,PayPal,Next Day Delivery,Yes,Yes,13,Weekly
965,26-35,Female,Sneakers,Footwear,99.43,New York,XS,Brown,Spring,4,No,Cash,Standard,Yes,No,5,Bi-Weekly
966,46-55,Female,Casual Shoes,Footwear,92.61,New York,L,Brown,Summer,5,Yes,Credit Card,Next Day Delivery,No,No,5,Quarterly
967,26-35,Female,Music Album,Books & Media,23.63,California,N/A,N/A,Spring,4,No,Cash,Express,No,No,4,Quarterly
968,46-55,Male,Novel,Books & Media,27.46,Georgia,N/A,N/A,Summer,4,Yes,Cash,Next Day Delivery,No,No,7,Annually
969,46-55,Male,Dress,Clothing,81.57,California,XS,Gray,Winter,4,Yes,PayPal,Free Shipping,No,Yes,8,Annually
970,56-65,Female,Puzzle,Toys & Games,27.87,California,N/A,N/A,Winter,4,Yes,PayPal,Free Shipping,No,No,8,Annually
971,56-65,Other,Magazine,Books & Media,20.75,Virginia,N/A,N/A,Spring,5,Yes,Bank Transfer,Standard,Yes,No,6,Quarterly
972,56-65,Female,Fitness Equipment,Sports & Outdoors,133.86,Illinois,N/A,N/A,Winter,5,No,PayPal,Standard,No,No,5,Quarterly
973,56-65,Male,Bike,Sports & Outdoors,93.04,Virginia,N/A,N/A,Winter,5,Yes,Credit Card,Express,No,No,6,Monthly
974,65+,Female,Jewelry,Accessories,73.09,Pennsylvania,N/A,Red,Summer,5,No,Bank Transfer,Express,No,No,5,Annually
975,65+,Male,Bike,Sports & Outdoors,174.69,Florida,N/A,N/A,Fall,5,Yes,PayPal,Free Shipping,No,Yes,7,Monthly
976,46-55,Male,Running Shoes,Footwear,115.69,New York,M,Gray,Spring,5,Yes,PayPal,Express,Yes,No,5,Bi-Weekly
977,26-35,Male,Running Shoes,Footwear,80.13,Georgia,XS,Brown,Winter,5,No,PayPal,Next Day Delivery,No,No,7,Bi-Weekly
978,26-35,Female,Board Game,Toys & Games,51.12,California,N/A,N/A,Fall,4,No,Debit Card,Next Day Delivery,No,No,4,Bi-Weekly
979,26-35,Male,Board Game,Toys & Games,48.93,Texas,N/A,N/A,Fall,5,No,PayPal,Standard,No,Yes,10,Annually
980,26-35,Male,Smartwatch,Electronics,444.99,New York,N/A,N/A,Winter,3,No,Debit Card,Next Day Delivery,No,No,5,Monthly
981,18-25,Male,Puzzle,Toys & Games,56.36,Florida,N/A,N/A,Spring,3,No,Credit Card,Free Shipping,No,No,10,Quarterly
982,18-25,Female,Smartwatch,Electronics,682.75,Michigan,N/A,N/A,Spring,5,Yes,Bank Transfer,Standard,Yes,No,5,Annually
983,18-25,Male,Casual Shoes,Footwear,101.13,Texas,S,Blue,Summer,5,No,Debit Card,Free Shipping,No,Yes,8,Annually
984,46-55,Male,Laptop,Electronics,364.4,New Jersey,N/A,N/A,Fall,5,No,Debit Card,Express,No,No,10,Weekly
985,26-35,Male,Music Album,Books & Media,24.71,California,N/A,N/A,Summer,4,Yes,PayPal,Next Day Delivery,No,No,3,Monthly
986,56-65,Female,Sneakers,Footwear,99.94,Illinois,M,Gray,Winter,5,No,Debit Card,Express,Yes,No,3,Bi-Weekly
987,56-65,Female,Makeup,Beauty & Personal Care,34.87,Florida,N/A,N/A,Winter,5,Yes,PayPal,Free Shipping,No,No,3,Quarterly
988,56-65,Female,Fitness Equipment,Sports & Outdoors,169.74,Georgia,N/A,N/A,Summer,5,No,Credit Card,Standard,No,No,8,Weekly
989,36-45,Male,Bike,Sports & Outdoors,161.77,Florida,N/A,N/A,Winter,4,Yes,Credit Card,Free Shipping,No,No,7,Weekly
990,65+,Male,Running Shoes,Footwear,78.5,California,XL,Blue,Winter,4,No,PayPal,Next Day Delivery,Yes,No,6,Monthly
991,36-45,Other,Blouse,Clothing,86.37,Illinois,XL,Green,Summer,5,No,PayPal,Free Shipping,No,Yes,10,Bi-Weekly
992,56-65,Female,DVD,Books & Media,23.34,New Jersey,N/A,N/A,Winter,5,Yes,Cash,Next Day Delivery,No,Yes,4,Weekly
993,18-25,Female,Puzzle,Toys & Games,34.2,Ohio,N/A,N/A,Summer,4,Yes,Bank Transfer,Next Day Delivery,No,No,8,Bi-Weekly
994,18-25,Female,Puzzle,Toys & Games,41.3,North Carolina,N/A,N/A,Fall,5,No,Cash,Standard,Yes,No,6,Weekly
995,56-65,Female,Kitchenware,Home & Garden,110.11,Illinois,N/A,N/A,Winter,5,No,Bank Transfer,Standard,No,No,9,Weekly
996,36-45,Female,Garden Tools,Home & Garden,88.96,Pennsylvania,N/A,N/A,Spring,5,No,Credit Card,Standard,No,No,7,Quarterly
997,36-45,Male,Jacket,Clothing,62.47,Pennsylvania,S,Brown,Summer,4,No,Debit Card,Next Day Delivery,No,No,3,Monthly
998,65+,Female,Casual Shoes,Footwear,122.1,Ohio,XL,Gray,Summer,4,No,Credit Card,Next Day Delivery,No,No,5,Annually
999,56-65,Male,Sunglasses,Accessories,104.89,Georgia,N/A,Black,Summer,4,No,PayPal,Free Shipping,No,No,8,Weekly
1000,18-25,Female,Jacket,Clothing,92.16,Florida,L,White,Winter,5,Yes,Credit Card,Next Day Delivery,No,No,6,Annually
1001,46-55,Female,Video Game,Toys & Games,32.24,Illinois,N/A,N/A,Winter,4,No,PayPal,Free Shipping,No,No,4,Quarterly
1002,65+,Male,Makeup,Beauty & Personal Care,51.74,Florida,N/A,N/A,Summer,3,No,PayPal,Free Shipping,No,Yes,8,Bi-Weekly
1003,65+,Male,Board Game,Toys & Games,28.34,Virginia,N/A,N/A,Summer,3,No,PayPal,Free Shipping,Yes,No,3,Weekly
1004,65+,Male,Running Shoes,Footwear,41.78,Pennsylvania,XS,Green,Winter,4,Yes,Credit Card,Standard,No,No,8,Monthly
1005,56-65,Female,Furniture,Home & Garden,250.19,North Carolina,N/A,N/A,Summer,3,Yes,Credit Card,Next Day Delivery,No,No,5,Monthly
1006,36-45,Female,Decor,Home & Garden,240.92,Georgia,N/A,N/A,Spring,5,No,Cash,Express,No,No,7,Annually
1007,46-55,Male,Dress,Clothing,105.46,Illinois,S,White,Winter,5,No,Credit Card,Standard,No,Yes,3,Annually
1008,36-45,Female,Smartphone,Electronics,165.63,Ohio,N/A,N/A,Winter,4,No,Bank Transfer,Next Day Delivery,Yes,No,8,Annually
1009,46-55,Male,Bike,Sports & Outdoors,199.81,Georgia,N/A,N/A,Summer,5,No,Cash,Free Shipping,No,Yes,6,Quarterly
1010,65+,Other,Magazine,Books & Media,24.22,Virginia,N/A,N/A,Fall,5,No,Credit Card,Free Shipping,No,No,3,Quarterly
1011,26-35,Female,Hair Care,Beauty & Personal Care,67.47,North Carolina,N/A,N/A,Spring,5,No,PayPal,Next Day Delivery,No,No,9,Weekly
1012,26-35,Male,Sweater,Clothing,95.31,New Jersey,M,Green,Spring,4,Yes,Bank Transfer,Standard,No,No,5,Bi-Weekly
1013,56-65,Male,Board Game,Toys & Games,44.38,Michigan,N/A,N/A,Summer,3,No,PayPal,Standard,No,No,7,Weekly
1014,65+,Male,Action Figure,Toys & Games,57.27,California,N/A,N/A,Fall,4,No,Cash,Express,No,No,6,Annually
1015,46-55,Female,Smartwatch,Electronics,49.04,Michigan,N/A,N/A,Fall,5,No,PayPal,Standard,No,No,8,Quarterly
1016,18-25,Male,Bike,Sports & Outdoors,170.6,Florida,N/A,N/A,Winter,5,No,Credit Card,Next Day Delivery,Yes,Yes,6,Quarterly
1017,36-45,Female,Smartphone,Electronics,490.9,Texas,N/A,N/A,Summer,5,No,Debit Card,Express,No,No,4,Bi-Weekly
1018,36-45,Male,Laptop,Electronics,154.3,Illinois,N/A,N/A,Winter,4,No,Cash,Standard,No,No,6,Annually
1019,36-45,Female,Sneakers,Footwear,98.24,Virginia,XS,Blue,Winter,5,No,Credit Card,Next Day Delivery,No,No,8,Bi-Weekly
1020,46-55,Male,Sports Apparel,Sports & Outdoors,147.46,Ohio,N/A,N/A,Spring,4,No,Credit Card,Express,No,No,4,Bi-Weekly
1021,56-65,Female,Jewelry,Accessories,99.23,North Carolina,N/A,Brown,Winter,5,No,Credit Card,Next Day Delivery,No,No,8,Weekly
1022,36-45,Female,Music Album,Books & Media,43.16,Texas,N/A,N/A,Winter,5,No,Credit Card,Free Shipping,No,No,5,Bi-Weekly
1023,18-25,Female,Garden Tools,Home & Garden,24.8,Michigan,N/A,N/A,Spring,4,No,Cash,Express,Yes,Yes,8,Monthly
1024,56-65,Male,Fragrance,Beauty & Personal Care,32.98,Texas,N/A,N/A,Summer,4,No,Cash,Next Day Delivery,No,No,8,Annually
1025,26-35,Female,Belt,Accessories,96.29,Ohio,N/A,Green,Winter,4,Yes,Credit Card,Standard,No,No,7,Quarterly
1026,56-65,Male,Kitchenware,Home & Garden,228.12,California,N/A,N/A,Spring,5,No,PayPal,Next Day Delivery,No,No,4,Annually
1027,36-45,Male,Hair Care,Beauty & Personal Care,36.56,New Jersey,N/A,N/A,Summer,4,No,Bank Transfer,Next Day Delivery,No,No,7,Weekly
1028,26-35,Female,Board Game,Toys & Games,26.89,Illinois,N/A,N/A,Spring,4,No,PayPal,Standard,No,No,5,Bi-Weekly
1029,65+,Male,Puzzle,Toys & Games,29.0,Ohio,N/A,N/A,Summer,5,Yes,Bank Transfer,Next Day Delivery,No,No,3,Monthly
1030,65+,Female,Bedding,Home & Garden,190.33,Illinois,N/A,N/A,Summer,4,Yes,Debit Card,Next Day Delivery,No,Yes,8,Bi-Weekly
1031,46-55,Female,Fitness Equipment,Sports & Outdoors,116.94,Virginia,N/A,N/A,Summer,5,No,Credit Card,Free Shipping,No,No,8,Weekly
1032,18-25,Male,Heels,Footwear,118.51,North Carolina,L,Brown,Winter,5,No,Bank Transfer,Standard,Yes,No,3,Weekly
1033,56-65,Male,Blouse,Clothing,59.6,New Jersey,L,Gray,Spring,3,No,Debit Card,Free Shipping,Yes,No,6,Annually
1034,36-45,Male,Makeup,Beauty & Personal Care,34.64,Virginia,N/A,N/A,Spring,4,No,Credit Card,Free Shipping,Yes,No,7,Monthly
1035,26-35,Female,Novel,Books & Media,31.37,New York,N/A,N/A,Spring,5,No,Debit Card,Next Day Delivery,No,No,9,Bi-Weekly
1036,18-25,Male,Kitchenware,Home & Garden,335.81,New York,N/A,N/A,Winter,5,No,Debit Card,Standard,No,Yes,4,Monthly
1037,46-55,Male,Watch,Accessories,96.56,New York,N/A,Brown,Winter,3,No,Credit Card,Next Day Delivery,Yes,No,9,Annually
1038,56-65,Female,Magazine,Books & Media,27.65,North Carolina,N/A,N/A,Summer,5,No,Bank Transfer,Express,No,No,7,Weekly
1039,56-65,Female,Casual Shoes,Footwear,104.08,Texas,S,Blue,Summer,4,Yes,Bank Transfer,Next Day Delivery,No,No,4,Bi-Weekly
1040,65+,Female,Jeans,Clothing,91.22,New Jersey,XL,Green,Fall,5,No,Bank Transfer,Free Shipping,No,No,4,Weekly
1041,46-55,Female,Blouse,Clothing,72.86,Pennsylvania,L,Brown,Winter,5,Yes,Debit Card,Standard,Yes,No,9,Annually
1042,46-55,Male,DVD,Books & Media,42.2,North Carolina,N/A,N/A,Spring,4,No,Cash,Standard,Yes,No,6,Monthly
1043,46-55,Male,Video Game,Toys & Games,56.5,Pennsylvania,N/A,N/A,Spring,3,Yes,PayPal,Express,No,No,7,Monthly
1044,18-25,Male,Jeans,Clothing,80.74,New York,L,Black,Summer,4,No,Cash,Express,Yes,No,8,Monthly
1045,36-45,Female,Camera,Electronics,443.39,New Jersey,N/A,N/A,Spring,5,Yes,Credit Card,Free Shipping,No,No,10,Quarterly
1046,18-25,Male,Sports Apparel,Sports & Outdoors,149.29,New York,N/A,N/A,Spring,4,No,PayPal,Express,No,Yes,6,Monthly
1047,18-25,Female,Camping Gear,Sports & Outdoors,48.07,Texas,N/A,N/A,Winter,5,Yes,Credit Card,Free Shipping,Yes,No,4,Annually
1048,18-25,Female,Smartphone,Electronics,427.55,California,N/A,N/A,Winter,4,No,Debit Card,Standard,No,No,6,Bi-Weekly
1049,18-25,Male,Novel,Books & Media,10.0,Illinois,N/A,N/A,Winter,5,No,Credit Card,Standard,No,No,7,Weekly
1050,56-65,Male,Dress,Clothing,69.39,Ohio,L,Black,Winter,5,No,Cash,Standard,Yes,Yes,3,Quarterly
1051,46-55,Male,Music Album,Books & Media,22.06,Michigan,N/A,N/A,Spring,5,No,Debit Card,Standard,Yes,No,9,Quarterly
1052,56-65,Male,Camping Gear,Sports & Outdoors,133.01,Texas,N/A,N/A,Spring,4,No,Credit Card,Standard,No,No,7,Annually
1053,26-35,Female,Casual Shoes,Footwear,118.44,North Carolina,M,Blue,Winter,5,No,PayPal,Free Shipping,No,Yes,10,Bi-Weekly
1054,26-35,Male,Sneakers,Footwear,136.71,California,S,Blue,Winter,3,No,Bank Transfer,Next Day Delivery,No,No,6,Monthly
1055,56-65,Male,Action Figure,Toys & Games,36.87,Florida,N/A,N/A,Winter,4,No,Debit Card,Next Day Delivery,No,No,5,Monthly
1056,36-45,Female,Sweater,Clothing,69.89,Michigan,S,Black,Summer,5,Yes,Bank Transfer,Standard,No,Yes,5,Quarterly
1057,36-45,Female,Handbag,Accessories,39.74,New Jersey,N/A,White,Spring,5,Yes,Debit Card,Express,No,No,7,Quarterly
1058,65+,Male,DVD,Books & Media,20.94,Michigan,N/A,N/A,Fall,4,No,Bank Transfer,Next Day Delivery,No,No,6,Quarterly
1059,36-45,Female,Sneakers,Footwear,10.0,Georgia,XS,Red,Summer,5,No,Credit Card,Express,No,No,7,Bi-Weekly
1060,46-55,Male,Handbag,Accessories,110.04,Georgia,N/A,Gray,Fall,3,No,PayPal,Express,No,No,6,Quarterly
1061,26-35,Male,Dress,Clothing,82.25,California,XS,Blue,Spring,5,No,Bank Transfer,Standard,No,No,4,Bi-Weekly
1062,36-45,Female,Magazine,Books & Media,23.99,New Jersey,N/A,N/A,Fall,5,No,Credit Card,Standard,Yes,No,5,Bi-Weekly
1063,26-35,Female,Kitchenware,Home & Garden,173.34,New York,N/A,N/A,Fall,5,No,Cash,Next Day Delivery,No,No,6,Annually
1064,26-35,Female,Boots,Footwear,130.71,California,S,Brown,Fall,5,Yes,Credit Card,Standard,No,No,8,Bi-Weekly
1065,46-55,Male,Headphones,Electronics,654.93,New York,N/A,N/A,Fall,5,No,PayPal,Express,Yes,Yes,4,Monthly
1066,36-45,Male,Running Shoes,Footwear,166.24,Michigan,L,Gray,Spring,5,No,Credit Card,Express,No,No,6,Bi-Weekly
1067,26-35,Female,Belt,Accessories,70.86,Ohio,N/A,Gray,Fall,3,Yes,Debit Card,Free Shipping,Yes,No,10,Bi-Weekly
1068,18-25,Male,Belt,Accessories,110.63,Illinois,N/A,Brown,Summer,5,No,Debit Card,Express,Yes,No,6,Weekly
1069,65+,Male,Kitchenware,Home & Garden,153.22,North Carolina,N/A,N/A,Winter,5,Yes,Cash,Standard,Yes,No,7,Quarterly
1070,65+,Male,Laptop,Electronics,578.99,North Carolina,N/A,N/A,Winter,5,Yes,Bank Transfer,Next Day Delivery,No,No,7,Quarterly
1071,56-65,Female,Magazine,Books & Media,26.37,Pennsylvania,N/A,N/A,Fall,3,No,Bank Transfer,Free Shipping,No,No,5,Quarterly
1072,46-55,Male,Garden Tools,Home & Garden,245.17,Ohio,N/A,N/A,Spring,5,Yes,Cash,Express,No,No,4,Bi-Weekly
1073,46-55,Female,Jewelry,Accessories,172.06,New York,N/A,Blue,Winter,5,No,PayPal,Express,No,No,10,Monthly
1074,36-45,Female,Board Game,Toys & Games,22.21,Florida,N/A,N/A,Spring,4,Yes,Debit Card,Free Shipping,No,No,4,Annually
1075,36-45,Male,Belt,Accessories,87.48,California,N/A,Red,Fall,5,No,PayPal,Free Shipping,No,No,10,Quarterly
1076,46-55,Female,Hair Care,Beauty & Personal Care,49.32,Georgia,N/A,N/A,Fall,4,Yes,Debit Card,Free Shipping,Yes,No,3,Weekly
1077,26-35,Other,Magazine,Books & Media,16.78,Illinois,N/A,N/A,Spring,4,Yes,Debit Card,Standard,No,Yes,5,Monthly
1078,56-65,Male,Board Game,Toys & Games,59.35,Illinois,N/A,N/A,Summer,5,Yes,Credit Card,Standard,No,No,8,Weekly
1079,36-45,Male,Sweater,Clothing,134.45,New York,M,White,Fall,3,No,Debit Card,Next Day Delivery,No,No,4,Monthly
1080,26-35,Female,Casual Shoes,Footwear,43.02,Virginia,XL,Blue,Spring,5,Yes,Debit Card,Next Day Delivery,Yes,Yes,6,Monthly
1081,46-55,Female,Skincare,Beauty & Personal Care,29.07,Georgia,N/A,N/A,Summer,3,Yes,PayPal,Express,Yes,No,6,Bi-Weekly
1082,65+,Male,Jewelry,Accessories,31.08,New York,N/A,Green,Winter,5,Yes,PayPal,Next Day Delivery,Yes,Yes,5,Weekly
1083,36-45,Male,Jewelry,Accessories,76.59,Virginia,N/A,Red,Summer,5,No,PayPal,Free Shipping,Yes,No,8,Annually
1084,18-25,Male,Camping Gear,Sports & Outdoors,101.88,Michigan,N/A,N/A,Summer,5,No,Debit Card,Standard,Yes,Yes,5,Quarterly
1085,65+,Female,Sports Apparel,Sports & Outdoors,72.3,New York,N/A,N/A,Winter,5,No,PayPal,Free Shipping,No,No,5,Annually
1086,36-45,Female,Fitness Equipment,Sports & Outdoors,97.99,Michigan,N/A,N/A,Spring,5,No,Cash,Express,No,No,7,Monthly
1087,56-65,Male,Fragrance,Beauty & Personal Care,10.0,New York,N/A,N/A,Winter,4,No,Credit Card,Free Shipping,No,No,9,Bi-Weekly
1088,46-55,Male,Headphones,Electronics,322.57,Michigan,N/A,N/A,Winter,4,No,Debit Card,Standard,No,Yes,8,Bi-Weekly
1089,18-25,Female,Action Figure,Toys & Games,48.73,California,N/A,N/A,Winter,4,No,Credit Card,Express,Yes,No,6,Bi-Weekly
1090,18-25,Male,Hair Care,Beauty & Personal Care,68.73,New York,N/A,N/A,Summer,5,No,Debit Card,Standard,Yes,Yes,7,Quarterly
1091,18-25,Female,Fitness Equipment,Sports & Outdoors,99.36,Florida,N/A,N/A,Fall,5,No,PayPal,Free Shipping,Yes,No,8,Bi-Weekly
1092,18-25,Male,Running Shoes,Footwear,129.67,Ohio,L,Gray,Spring,5,No,PayPal,Express,No,No,5,Bi-Weekly
1093,26-35,Male,Bedding,Home & Garden,62.97,Virginia,N/A,N/A,Winter,5,No,Cash,Next Day Delivery,No,No,4,Annually
1094,26-35,Female,Video Game,Toys & Games,24.74,Illinois,N/A,N/A,Summer,4,No,Credit Card,Express,No,No,7,Quarterly
1095,18-25,Male,Makeup,Beauty & Personal Care,65.1,North Carolina,N/A,N/A,Fall,4,No,Bank Transfer,Free Shipping,No,No,5,Quarterly
1096,46-55,Male,Jeans,Clothing,73.42,Texas,M,Gray,Winter,5,No,Debit Card,Next Day Delivery,Yes,No,8,Quarterly
1097,56-65,Male,Heels,Footwear,174.87,New York,S,Green,Winter,3,No,PayPal,Free Shipping,No,No,7,Bi-Weekly
1098,65+,Female,Tablet,Electronics,165.61,Virginia,N/A,N/A,Spring,4,Yes,Cash,Express,No,No,5,Monthly
1099,65+,Female,Puzzle,Toys & Games,39.11,New Jersey,N/A,N/A,Spring,5,No,Cash,Free Shipping,No,No,2,Quarterly
1100,56-65,Male,Headphones,Electronics,346.82,Texas,N/A,N/A,Spring,5,No,Bank Transfer,Next Day Delivery,No,No,4,Quarterly
1101,46-55,Male,Sandals,Footwear,27.59,New York,XL,Black,Winter,4,No,Credit Card,Standard,Yes,No,3,Quarterly
1102,46-55,Female,Bike,Sports & Outdoors,78.69,New York,N/A,N/A,Winter,5,Yes,Credit Card,Standard,Yes,No,3,Monthly
1103,18-25,Female,Sandals,Footwear,95.64,New Jersey,L,Red,Winter,3,Yes,Credit Card,Standard,No,No,5,Annually
1104,65+,Male,Wallet,Accessories,10.0,Georgia,N/A,White,Winter,4,No,Debit Card,Express,No,Yes,12,Bi-Weekly
1105,18-25,Male,Laptop,Electronics,367.47,Illinois,N/A,N/A,Spring,5,No,Bank Transfer,Free Shipping,No,No,9,Bi-Weekly
1106,18-25,Male,Jeans,Clothing,85.16,Illinois,S,Red,Fall,4,No,Cash,Express,No,Yes,7,Weekly
1107,65+,Other,Action Figure,Toys & Games,27.72,Georgia,N/A,N/A,Spring,4,No,Bank Transfer,Standard,No,No,6,Quarterly
1108,65+,Male,Bedding,Home & Garden,61.24,California,N/A,N/A,Spring,5,No,Credit Card,Free Shipping,Yes,Yes,5,Bi-Weekly
1109,26-35,Male,Camping Gear,Sports & Outdoors,227.81,New York,N/A,N/A,Spring,5,Yes,Credit Card,Free Shipping,No,No,5,Weekly
1110,18-25,Male,Camping Gear,Sports & Outdoors,130.11,New Jersey,N/A,N/A,Spring,4,No,Cash,Standard,No,No,3,Bi-Weekly
1111,65+,Female,Sneakers,Footwear,190.22,Ohio,XL,Black,Fall,5,No,Debit Card,Express,No,No,6,Annually
1112,26-35,Male,Video Game,Toys & Games,38.68,Ohio,N/A,N/A,Spring,5,Yes,Cash,Express,No,No,8,Weekly
1113,36-45,Male,Camping Gear,Sports & Outdoors,15.37,California,N/A,N/A,Winter,5,No,Debit Card,Standard,No,No,6,Quarterly
1114,26-35,Male,Magazine,Books & Media,16.5,Texas,N/A,N/A,Fall,5,No,Bank Transfer,Next Day Delivery,No,No,6,Weekly
1115,18-25,Male,Jewelry,Accessories,113.53,Illinois,N/A,Brown,Winter,5,Yes,Credit Card,Express,No,Yes,6,Monthly
1116,18-25,Female,Bike,Sports & Outdoors,67.61,New Jersey,N/A,N/A,Summer,4,No,Debit Card,Express,Yes,Yes,9,Monthly
1117,65+,Male,Novel,Books & Media,17.33,Pennsylvania,N/A,N/A,Spring,4,Yes,Bank Transfer,Free Shipping,No,Yes,2,Quarterly
1118,56-65,Male,Belt,Accessories,129.99,Michigan,N/A,Gray,Spring,5,No,Cash,Standard,No,No,4,Annually
1119,18-25,Male,Kitchenware,Home & Garden,139.7,Virginia,N/A,N/A,Winter,4,No,Cash,Standard,Yes,Yes,7,Weekly
1120,26-35,Female,Bike,Sports & Outdoors,25.38,Illinois,N/A,N/A,Summer,5,No,Cash,Free Shipping,Yes,No,2,Bi-Weekly
1121,65+,Male,Pants,Clothing,84.76,Virginia,XL,Red,Fall,4,No,Cash,Next Day Delivery,No,No,4,Monthly
1122,65+,Male,Sweater,Clothing,107.99,Ohio,M,Brown,Spring,5,No,Cash,Next Day Delivery,No,No,10,Monthly
1123,26-35,Female,Belt,Accessories,169.76,California,N/A,Gray,Summer,5,No,Cash,Free Shipping,Yes,Yes,7,Annually
1124,36-45,Male,Heels,Footwear,130.83,New Jersey,XS,Black,Winter,3,No,Credit Card,Express,No,No,7,Weekly
1125,65+,Male,Boots,Footwear,122.73,Florida,XS,White,Summer,5,No,Cash,Standard,No,No,10,Quarterly
1126,65+,Female,DVD,Books & Media,29.41,Florida,N/A,N/A,Summer,4,Yes,Cash,Free Shipping,No,Yes,5,Bi-Weekly
1127,56-65,Female,Sunglasses,Accessories,129.99,Illinois,N/A,Green,Winter,5,No,Cash,Next Day Delivery,No,Yes,6,Quarterly
1128,18-25,Male,Bike,Sports & Outdoors,162.59,Ohio,N/A,N/A,Summer,4,Yes,PayPal,Free Shipping,Yes,No,6,Quarterly
1129,56-65,Female,Makeup,Beauty & Personal Care,34.64,Georgia,N/A,N/A,Spring,3,Yes,PayPal,Free Shipping,No,No,9,Weekly
1130,36-45,Female,Action Figure,Toys & Games,42.66,North Carolina,N/A,N/A,Summer,4,No,Debit Card,Free Shipping,Yes,No,6,Quarterly
1131,36-45,Male,DVD,Books & Media,28.2,Ohio,N/A,N/A,Winter,5,No,Credit Card,Next Day Delivery,No,Yes,2,Bi-Weekly
1132,65+,Male,Magazine,Books & Media,11.85,Florida,N/A,N/A,Summer,5,No,Credit Card,Standard,No,No,5,Annually
1133,65+,Female,Bike,Sports & Outdoors,126.1,Ohio,N/A,N/A,Winter,4,No,PayPal,Next Day Delivery,No,No,5,Quarterly
1134,46-55,Male,Garden Tools,Home & Garden,167.14,Texas,N/A,N/A,Winter,5,Yes,Credit Card,Standard,No,Yes,10,Quarterly
1135,56-65,Female,Boots,Footwear,118.51,Ohio,M,Brown,Fall,4,No,Bank Transfer,Free Shipping,Yes,No,5,Monthly
1136,65+,Male,Jeans,Clothing,90.74,Ohio,L,Gray,Summer,5,No,Cash,Free Shipping,No,No,5,Weekly
1137,36-45,Male,Jeans,Clothing,31.91,New Jersey,S,Blue,Winter,5,No,Cash,Next Day Delivery,Yes,Yes,7,Bi-Weekly
1138,56-65,Female,Sneakers,Footwear,147.51,Texas,XS,Gray,Winter,5,No,PayPal,Standard,No,Yes,5,Annually
1139,26-35,Male,Makeup,Beauty & Personal Care,21.68,Ohio,N/A,N/A,Fall,5,Yes,Debit Card,Free Shipping,No,No,4,Annually
1140,36-45,Female,Skincare,Beauty & Personal Care,47.05,Texas,N/A,N/A,Fall,4,No,Cash,Next Day Delivery,No,No,9,Bi-Weekly
1141,65+,Female,Hair Care,Beauty & Personal Care,40.17,California,N/A,N/A,Summer,5,Yes,PayPal,Standard,No,No,7,Weekly
1142,18-25,Female,Fragrance,Beauty & Personal Care,63.86,New Jersey,N/A,N/A,Fall,5,Yes,PayPal,Express,Yes,No,8,Bi-Weekly
1143,36-45,Male,Casual Shoes,Footwear,157.62,Florida,S,Red,Summer,5,No,Bank Transfer,Standard,No,No,5,Quarterly
1144,56-65,Male,Handbag,Accessories,66.48,New York,N/A,Black,Summer,4,No,Cash,Next Day Delivery,No,No,7,Quarterly
1145,46-55,Male,Camera,Electronics,137.5,Florida,N/A,N/A,Spring,5,Yes,Debit Card,Standard,Yes,No,7,Quarterly
1146,18-25,Female,Furniture,Home & Garden,169.31,Pennsylvania,N/A,N/A,Spring,4,No,Bank Transfer,Express,No,Yes,3,Quarterly
1147,46-55,Female,Smartphone,Electronics,373.27,California,N/A,N/A,Fall,4,No,Credit Card,Standard,No,No,9,Weekly
1148,26-35,Female,Board Game,Toys & Games,23.35,Ohio,N/A,N/A,Fall,5,No,PayPal,Free Shipping,Yes,No,11,Monthly
1149,56-65,Male,Hair Care,Beauty & Personal Care,27.44,Pennsylvania,N/A,N/A,Fall,3,No,Debit Card,Express,No,Yes,3,Monthly
1150,65+,Female,Fragrance,Beauty & Personal Care,25.3,Michigan,N/A,N/A,Spring,3,Yes,Debit Card,Next Day Delivery,No,No,6,Weekly
1151,18-25,Female,Music Album,Books & Media,39.71,Virginia,N/A,N/A,Summer,5,No,Credit Card,Standard,No,No,8,Annually
1152,36-45,Male,Sunglasses,Accessories,87.35,Georgia,N/A,Green,Winter,5,No,Bank Transfer,Free Shipping,Yes,No,5,Bi-Weekly
1153,18-25,Male,Fitness Equipment,Sports & Outdoors,186.26,New Jersey,N/A,N/A,Fall,3,No,Credit Card,Next Day Delivery,Yes,No,5,Quarterly
1154,26-35,Male,Music Album,Books & Media,21.73,Virginia,N/A,N/A,Spring,5,No,Debit Card,Free Shipping,Yes,Yes,3,Quarterly
1155,65+,Male,Camera,Electronics,164.59,Ohio,N/A,N/A,Fall,5,No,Bank Transfer,Express,No,No,13,Bi-Weekly
1156,56-65,Male,Board Game,Toys & Games,58.44,Florida,N/A,N/A,Winter,4,No,Credit Card,Next Day Delivery,Yes,No,5,Annually
1157,46-55,Female,Heels,Footwear,146.1,Texas,L,Gray,Summer,5,No,Cash,Express,Yes,Yes,4,Bi-Weekly
1158,65+,Female,Smartphone,Electronics,291.36,Ohio,N/A,N/A,Spring,4,No,Cash,Next Day Delivery,No,No,11,Quarterly
1159,36-45,Female,Wallet,Accessories,118.96,Illinois,N/A,Gray,Winter,3,Yes,Credit Card,Express,No,No,5,Annually
1160,65+,Other,Novel,Books & Media,19.28,Virginia,N/A,N/A,Fall,4,Yes,Cash,Standard,No,No,7,Monthly
1161,46-55,Male,Fragrance,Beauty & Personal Care,14.54,New York,N/A,N/A,Summer,5,No,Debit Card,Standard,No,No,5,Monthly
1162,18-25,Female,Smartphone,Electronics,10.0,Pennsylvania,N/A,N/A,Summer,5,No,Credit Card,Next Day Delivery,No,No,4,Bi-Weekly
1163,36-45,Female,Skincare,Beauty & Personal Care,21.28,Illinois,N/A,N/A,Spring,3,No,Bank Transfer,Express,No,No,4,Quarterly
1164,46-55,Female,Sports Apparel,Sports & Outdoors,90.52,New Jersey,N/A,N/A,Summer,5,Yes,Bank Transfer,Express,No,No,6,Weekly
1165,46-55,Female,Sweater,Clothing,99.76,Georgia,M,White,Fall,5,Yes,Cash,Free Shipping,No,Yes,8,Quarterly
1166,26-35,Male,Kitchenware,Home & Garden,11.9,Virginia,N/A,N/A,Spring,5,Yes,Bank Transfer,Next Day Delivery,No,No,3,Monthly
1167,56-65,Female,Headphones,Electronics,155.83,Virginia,N/A,N/A,Winter,3,No,Cash,Free Shipping,No,No,6,Monthly
1168,65+,Female,Skincare,Beauty & Personal Care,94.96,Pennsylvania,N/A,N/A,Summer,4,Yes,Cash,Express,No,No,3,Weekly
1169,26-35,Female,Music Album,Books & Media,33.6,Illinois,N/A,N/A,Summer,3,No,Credit Card,Free Shipping,No,No,2,Monthly
1170,46-55,Male,DVD,Books & Media,10.0,Ohio,N/A,N/A,Winter,5,No,Credit Card,Next Day Delivery,Yes,No,10,Monthly
1171,65+,Male,Wallet,Accessories,141.89,North Carolina,N/A,Red,Spring,5,No,Cash,Next Day Delivery,No,No,4,Annually
1172,18-25,Male,Bedding,Home & Garden,143.65,New Jersey,N/A,N/A,Summer,4,No,Bank Transfer,Express,No,No,6,Quarterly
1173,65+,Male,DVD,Books & Media,19.47,Florida,N/A,N/A,Summer,5,Yes,Cash,Express,No,No,8,Weekly
1174,36-45,Female,Camera,Electronics,285.26,Florida,N/A,N/A,Winter,5,Yes,PayPal,Express,No,Yes,6,Weekly
1175,18-25,Female,Bike,Sports & Outdoors,135.57,Florida,N/A,N/A,Spring,4,Yes,Credit Card,Next Day Delivery,Yes,No,4,Annually
1176,46-55,Male,Casual Shoes,Footwear,70.98,Virginia,L,White,Spring,5,No,Credit Card,Express,No,No,4,Quarterly
1177,46-55,Male,Garden Tools,Home & Garden,244.18,Florida,N/A,N/A,Winter,4,No,Credit Card,Free Shipping,No,No,4,Quarterly
1178,36-45,Male,DVD,Books & Media,43.34,California,N/A,N/A,Spring,4,Yes,Credit Card,Standard,No,No,6,Weekly
1179,46-55,Female,Action Figure,Toys & Games,31.29,California,N/A,N/A,Winter,5,Yes,Debit Card,Standard,No,Yes,4,Annually
1180,26-35,Other,Fragrance,Beauty & Personal Care,22.41,New Jersey,N/A,N/A,Winter,5,No,Debit Card,Express,No,No,12,Weekly
1181,36-45,Female,Camera,Electronics,491.93,North Carolina,N/A,N/A,Summer,4,No,PayPal,Standard,Yes,No,8,Quarterly
1182,56-65,Male,Video Game,Toys & Games,48.7,Texas,N/A,N/A,Spring,3,No,Cash,Standard,Yes,No,5,Bi-Weekly
1183,56-65,Male,Sneakers,Footwear,85.5,North Carolina,L,Brown,Fall,5,No,Credit Card,Standard,No,Yes,5,Bi-Weekly
1184,56-65,Female,Wallet,Accessories,85.57,Florida,N/A,Black,Fall,4,Yes,Credit Card,Standard,No,No,8,Weekly
1185,56-65,Female,Decor,Home & Garden,81.08,North Carolina,N/A,N/A,Summer,5,No,PayPal,Standard,No,Yes,8,Bi-Weekly
1186,36-45,Male,Sweater,Clothing,77.92,Illinois,XL,Red,Summer,4,No,Bank Transfer,Free Shipping,No,No,9,Monthly
1187,56-65,Male,Camping Gear,Sports & Outdoors,129.62,Virginia,N/A,N/A,Spring,4,No,Credit Card,Express,No,No,4,Weekly
1188,26-35,Female,Sandals,Footwear,93.76,New York,S,Green,Summer,4,No,Bank Transfer,Next Day Delivery,Yes,No,8,Monthly
1189,26-35,Male,Skincare,Beauty & Personal Care,39.45,North Carolina,N/A,N/A,Fall,5,No,Debit Card,Free Shipping,Yes,No,4,Bi-Weekly
1190,46-55,Female,Novel,Books & Media,25.35,Illinois,N/A,N/A,Winter,5,Yes,Cash,Express,Yes,No,8,Weekly
1191,65+,Male,Kitchenware,Home & Garden,230.89,Virginia,N/A,N/A,Fall,4,No,Bank Transfer,Express,No,No,5,Quarterly
1192,26-35,Female,Bike,Sports & Outdoors,105.03,Ohio,N/A,N/A,Spring,5,No,Bank Transfer,Express,No,No,8,Weekly
1193,36-45,Male,Smartwatch,Electronics,474.24,Texas,N/A,N/A,Winter,4,Yes,Credit Card,Next Day Delivery,No,No,5,Weekly
1194,36-45,Female,Sports Apparel,Sports & Outdoors,111.09,Florida,N/A,N/A,Summer,5,Yes,Debit Card,Standard,No,No,7,Weekly
1195,46-55,Female,Jewelry,Accessories,66.91,Texas,N/A,Brown,Spring,5,No,Cash,Next Day Delivery,No,No,3,Annually
1196,46-55,Female,Smartwatch,Electronics,98.0,Pennsylvania,N/A,N/A,Fall,5,No,Bank Transfer,Next Day Delivery,Yes,No,9,Annually
1197,18-25,Female,Pants,Clothing,63.76,Pennsylvania,L,White,Fall,5,No,Bank Transfer,Free Shipping,Yes,No,7,Quarterly
1198,56-65,Other,Sandals,Footwear,95.99,California,XL,Gray,Summer,4,No,Cash,Express,No,No,8,Quarterly
1199,56-65,Female,Furniture,Home & Garden,182.26,Virginia,N/A,N/A,Fall,5,No,Cash,Free Shipping,No,No,9,Quarterly
1200,26-35,Female,DVD,Books & Media,30.1,Georgia,N/A,N/A,Fall,5,No,Debit Card,Free Shipping,No,No,6,Annually
1201,65+,Female,Sunglasses,Accessories,113.84,New Jersey,N/A,Brown,Spring,5,No,Debit Card,Free Shipping,Yes,No,11,Monthly
1202,18-25,Female,Smartphone,Electronics,209.98,Virginia,N/A,N/A,Summer,5,Yes,Credit Card,Express,No,No,10,Annually
1203,18-25,Male,Camera,Electronics,168.42,Illinois,N/A,N/A,Winter,3,No,Credit Card,Free Shipping,No,No,5,Annually
1204,65+,Male,Heels,Footwear,126.29,Georgia,XL,Gray,Spring,5,No,PayPal,Standard,No,No,4,Annually
1205,26-35,Male,Jeans,Clothing,111.48,Ohio,XL,Gray,Fall,4,No,Cash,Standard,No,No,5,Annually
1206,46-55,Male,Casual Shoes,Footwear,84.03,North Carolina,S,White,Spring,5,Yes,Debit Card,Express,No,No,2,Annually
1207,36-45,Female,Jacket,Clothing,167.62,Georgia,L,White,Fall,5,No,Credit Card,Next Day Delivery,No,Yes,4,Bi-Weekly
1208,56-65,Male,Headphones,Electronics,484.85,Illinois,N/A,N/A,Winter,5,No,Debit Card,Next Day Delivery,No,Yes,5,Bi-Weekly
1209,18-25,Female,Makeup,Beauty & Personal Care,58.27,Illinois,N/A,N/A,Spring,3,No,PayPal,Free Shipping,No,No,5,Weekly
1210,36-45,Female,Sweater,Clothing,153.07,Georgia,M,Blue,Fall,5,No,Credit Card,Standard,No,No,6,Monthly
1211,65+,Male,Heels,Footwear,126.28,Pennsylvania,XS,Black,Winter,5,No,PayPal,Express,No,No,4,Weekly
1212,56-65,Female,Action Figure,Toys & Games,13.83,Ohio,N/A,N/A,Spring,5,Yes,PayPal,Standard,No,No,5,Bi-Weekly
1213,65+,Female,Kitchenware,Home & Garden,270.76,Georgia,N/A,N/A,Winter,5,No,Debit Card,Next Day Delivery,No,No,4,Monthly
1214,46-55,Female,Running Shoes,Footwear,10.0,Illinois,XS,Red,Winter,5,No,Cash,Express,No,No,6,Monthly
1215,65+,Female,Skincare,Beauty & Personal Care,55.45,Pennsylvania,N/A,N/A,Summer,5,Yes,Credit Card,Express,Yes,No,6,Monthly
1216,18-25,Male,Heels,Footwear,97.57,Ohio,M,Black,Summer,5,No,Cash,Free Shipping,No,No,6,Monthly
1217,18-25,Male,Fragrance,Beauty & Personal Care,45.33,North Carolina,N/A,N/A,Winter,5,No,Cash,Next Day Delivery,Yes,No,5,Quarterly
1218,56-65,Female,Makeup,Beauty & Personal Care,37.7,Texas,N/A,N/A,Spring,4,No,Credit Card,Express,No,No,7,Bi-Weekly
1219,36-45,Male,Board Game,Toys & Games,41.43,New Jersey,N/A,N/A,Summer,5,No,Credit Card,Next Day Delivery,No,No,10,Quarterly
1220,56-65,Female,Jacket,Clothing,31.32,Georgia,M,Blue,Winter,5,No,Credit Card,Free Shipping,No,No,4,Bi-Weekly
1221,56-65,Male,Casual Shoes,Footwear,109.31,North Carolina,S,White,Fall,3,Yes,Credit Card,Next Day Delivery,No,No,6,Bi-Weekly
1222,65+,Female,Makeup,Beauty & Personal Care,24.93,Georgia,N/A,N/A,Spring,3,Yes,Bank Transfer,Express,No,No,8,Bi-Weekly
1223,56-65,Female,Boots,Footwear,58.72,Texas,S,Red,Spring,5,Yes,Debit Card,Express,No,Yes,3,Bi-Weekly
1224,46-55,Female,Sweater,Clothing,79.04,New York,XS,Brown,Spring,4,No,PayPal,Free Shipping,No,Yes,5,Annually
1225,36-45,Male,Handbag,Accessories,66.03,Pennsylvania,N/A,Red,Winter,5,No,Credit Card,Free Shipping,No,No,8,Weekly
1226,36-45,Male,Headphones,Electronics,647.09,Pennsylvania,N/A,N/A,Fall,4,No,Debit Card,Free Shipping,No,No,7,Bi-Weekly
1227,36-45,Male,Pants,Clothing,48.1,California,XS,Black,Fall,5,No,Cash,Next Day Delivery,Yes,No,6,Quarterly
1228,36-45,Female,Tablet,Electronics,323.32,Florida,N/A,N/A,Fall,5,No,PayPal,Next Day Delivery,No,No,6,Monthly
1229,36-45,Male,Smartphone,Electronics,216.02,New Jersey,N/A,N/A,Spring,5,No,Bank Transfer,Express,No,No,3,Monthly
1230,36-45,Female,Sports Apparel,Sports & Outdoors,10.0,New York,N/A,N/A,Fall,5,Yes,Cash,Free Shipping,No,No,9,Weekly
1231,18-25,Female,Casual Shoes,Footwear,45.91,Virginia,XL,Black,Spring,4,No,Bank Transfer,Express,No,No,3,Bi-Weekly
1232,65+,Female,Novel,Books & Media,29.51,Texas,N/A,N/A,Fall,5,No,Debit Card,Free Shipping,No,Yes,4,Bi-Weekly
1233,56-65,Male,Sneakers,Footwear,118.88,Florida,S,Red,Fall,5,No,Bank Transfer,Next Day Delivery,No,No,6,Monthly
1234,46-55,Male,Tablet,Electronics,468.71,Texas,N/A,N/A,Winter,5,No,PayPal,Standard,No,No,5,Bi-Weekly
1235,56-65,Female,Kitchenware,Home & Garden,113.35,Illinois,N/A,N/A,Spring,5,No,Bank Transfer,Standard,No,No,3,Bi-Weekly
1236,65+,Female,Fragrance,Beauty & Personal Care,69.25,New Jersey,N/A,N/A,Spring,5,No,Cash,Free Shipping,Yes,No,7,Annually
1237,46-55,Male,Video Game,Toys & Games,17.83,Ohio,N/A,N/A,Fall,5,No,Cash,Express,Yes,Yes,3,Weekly
1238,26-35,Male,Belt,Accessories,119.64,Virginia,N/A,Black,Winter,5,No,Bank Transfer,Next Day Delivery,Yes,No,4,Monthly
1239,26-35,Female,Decor,Home & Garden,140.35,North Carolina,N/A,N/A,Spring,4,Yes,Cash,Express,No,No,4,Weekly
1240,56-65,Female,Sunglasses,Accessories,76.0,California,N/A,Gray,Summer,5,Yes,Debit Card,Express,No,No,7,Monthly
1241,18-25,Female,Handbag,Accessories,88.68,North Carolina,N/A,Black,Spring,5,Yes,Debit Card,Next Day Delivery,Yes,No,6,Monthly
1242,18-25,Female,Puzzle,Toys & Games,28.16,Virginia,N/A,N/A,Summer,5,No,PayPal,Next Day Delivery,Yes,No,7,Monthly
1243,18-25,Female,Blouse,Clothing,56.66,Pennsylvania,S,Gray,Fall,5,No,Cash,Next Day Delivery,No,No,5,Weekly
1244,56-65,Male,Camera,Electronics,233.52,Virginia,N/A,N/A,Winter,5,Yes,Debit Card,Express,No,No,12,Quarterly
1245,26-35,Female,Sports Apparel,Sports & Outdoors,111.21,New York,N/A,N/A,Winter,4,No,Cash,Free Shipping,Yes,No,6,Bi-Weekly
1246,65+,Male,Hair Care,Beauty & Personal Care,15.39,Florida,N/A,N/A,Winter,5,Yes,Credit Card,Free Shipping,Yes,No,5,Bi-Weekly
1247,46-55,Female,Boots,Footwear,59.87,New York,XL,Red,Summer,5,No,Debit Card,Standard,Yes,Yes,4,Monthly
1248,26-35,Male,Heels,Footwear,70.5,New Jersey,XL,White,Spring,4,No,Cash,Standard,Yes,No,4,Quarterly
1249,26-35,Male,Music Album,Books & Media,27.03,Texas,N/A,N/A,Summer,3,No,Credit Card,Standard,No,No,6,Quarterly
1250,46-55,Female,Shirt,Clothing,32.68,California,XS,White,Summer,5,No,Credit Card,Next Day Delivery,No,Yes,5,Bi-Weekly
1251,65+,Female,Blouse,Clothing,105.88,California,XS,Green,Fall,5,No,Credit Card,Express,Yes,No,6,Bi-Weekly
1252,46-55,Male,Magazine,Books & Media,20.28,Illinois,N/A,N/A,Fall,5,No,PayPal,Express,No,No,5,Bi-Weekly
1253,18-25,Male,Puzzle,Toys & Games,35.28,New Jersey,N/A,N/A,Spring,4,Yes,Credit Card,Standard,No,No,10,Weekly
1254,56-65,Male,Furniture,Home & Garden,108.3,North Carolina,N/A,N/A,Winter,5,No,Cash,Standard,Yes,Yes,1,Bi-Weekly
1255,18-25,Male,Jewelry,Accessories,63.11,Ohio,N/A,White,Fall,5,No,Debit Card,Express,No,No,14,Quarterly
1256,65+,Female,Tablet,Electronics,671.74,Florida,N/A,N/A,Spring,4,No,Cash,Standard,No,No,6,Monthly
1257,36-45,Female,Smartwatch,Electronics,435.03,Pennsylvania,N/A,N/A,Spring,4,No,Debit Card,Standard,No,Yes,4,Weekly
1258,56-65,Female,Boots,Footwear,84.17,Ohio,XL,Blue,Summer,5,Yes,PayPal,Express,Yes,No,6,Monthly
1259,56-65,Female,Decor,Home & Garden,94.1,Texas,N/A,N/A,Fall,5,No,PayPal,Next Day Delivery,No,No,4,Monthly
1260,65+,Male,Smartphone,Electronics,396.26,Florida,N/A,N/A,Summer,5,No,Debit Card,Express,No,No,1,Quarterly
1261,46-55,Female,Novel,Books & Media,37.36,Texas,N/A,N/A,Winter,5,Yes,Debit Card,Express,No,Yes,9,Weekly
1262,36-45,Male,Boots,Footwear,19.0,Ohio,M,Blue,Winter,3,Yes,PayPal,Free Shipping,Yes,No,3,Quarterly
1263,56-65,Male,Camping Gear,Sports & Outdoors,137.82,New Jersey,N/A,N/A,Summer,5,No,PayPal,Free Shipping,No,Yes,8,Annually
1264,46-55,Female,Video Game,Toys & Games,17.49,North Carolina,N/A,N/A,Summer,4,No,PayPal,Standard,Yes,No,8,Annually
1265,65+,Female,Makeup,Beauty & Personal Care,84.19,Virginia,N/A,N/A,Spring,4,No,Cash,Next Day Delivery,Yes,No,6,Weekly
1266,26-35,Female,Dress,Clothing,84.4,North Carolina,L,White,Spring,4,No,Credit Card,Next Day Delivery,No,No,6,Monthly
1267,26-35,Female,Bedding,Home & Garden,206.02,Florida,N/A,N/A,Winter,5,No,Cash,Express,No,No,6,Bi-Weekly
1268,18-25,Male,Sneakers,Footwear,72.49,Virginia,S,Red,Spring,5,Yes,PayPal,Next Day Delivery,No,Yes,4,Weekly
1269,65+,Female,Camera,Electronics,10.0,Michigan,N/A,N/A,Spring,5,No,PayPal,Express,No,No,6,Weekly
1270,26-35,Female,Camping Gear,Sports & Outdoors,77.43,Texas,N/A,N/A,Summer,5,Yes,Credit Card,Standard,No,No,8,Annually
1271,46-55,Female,Boots,Footwear,87.08,Georgia,S,Gray,Fall,5,No,PayPal,Free Shipping,Yes,No,7,Monthly
1272,46-55,Female,Dress,Clothing,80.22,Texas,S,Black,Spring,5,No,Bank Transfer,Express,Yes,No,6,Annually
1273,26-35,Male,Jacket,Clothing,44.3,Ohio,L,Green,Fall,5,No,Bank Transfer,Next Day Delivery,No,No,6,Bi-Weekly
1274,46-55,Female,Sandals,Footwear,191.09,Texas,XL,Red,Summer,5,No,Cash,Free Shipping,Yes,Yes,4,Annually
1275,18-25,Male,Jewelry,Accessories,94.78,Florida,N/A,Brown,Spring,4,Yes,PayPal,Free Shipping,No,No,6,Monthly
1276,65+,Female,Fragrance,Beauty & Personal Care,68.78,Florida,N/A,N/A,Spring,5,Yes,Debit Card,Free Shipping,No,No,4,Bi-Weekly
1277,36-45,Female,Smartphone,Electronics,631.32,Texas,N/A,N/A,Fall,4,Yes,Bank Transfer,Next Day Delivery,Yes,No,4,Weekly
1278,26-35,Female,Kitchenware,Home & Garden,259.98,North Carolina,N/A,N/A,Spring,4,No,Credit Card,Express,No,No,6,Annually
1279,18-25,Female,Kitchenware,Home & Garden,78.75,North Carolina,N/A,N/A,Summer,5,No,Credit Card,Express,No,No,6,Monthly
1280,18-25,Female,Sweater,Clothing,61.24,Georgia,XS,Black,Fall,4,No,Credit Card,Next Day Delivery,No,No,4,Weekly
1281,36-45,Male,Bedding,Home & Garden,155.71,North Carolina,N/A,N/A,Summer,5,No,Debit Card,Free Shipping,No,No,3,Monthly
1282,26-35,Female,Headphones,Electronics,357.35,Ohio,N/A,N/A,Spring,5,Yes,Bank Transfer,Express,No,No,8,Weekly
1283,56-65,Female,Fragrance,Beauty & Personal Care,28.23,Michigan,N/A,N/A,Spring,5,No,Debit Card,Express,No,No,10,Bi-Weekly
1284,65+,Female,Novel,Books & Media,11.9,New Jersey,N/A,N/A,Spring,3,Yes,Cash,Express,No,No,5,Bi-Weekly
1285,65+,Female,Running Shoes,Footwear,107.34,North Carolina,XL,Gray,Fall,3,No,PayPal,Express,No,No,6,Monthly
1286,36-45,Male,Bike,Sports & Outdoors,207.12,California,N/A,N/A,Winter,4,No,Cash,Express,Yes,No,6,Annually
1287,56-65,Female,Laptop,Electronics,699.62,Michigan,N/A,N/A,Winter,5,No,Credit Card,Standard,No,Yes,5,Bi-Weekly
1288,36-45,Female,Board Game,Toys & Games,21.01,Georgia,N/A,N/A,Spring,3,No,PayPal,Next Day Delivery,No,No,4,Bi-Weekly
1289,36-45,Female,Sneakers,Footwear,157.02,Illinois,XL,Blue,Fall,4,No,Credit Card,Standard,Yes,No,5,Bi-Weekly
1290,65+,Female,DVD,Books & Media,31.7,Georgia,N/A,N/A,Fall,4,No,PayPal,Express,No,No,5,Weekly
1291,56-65,Male,Novel,Books & Media,19.53,Pennsylvania,N/A,N/A,Fall,5,No,PayPal,Free Shipping,No,Yes,4,Annually
1292,65+,Male,Heels,Footwear,115.12,Pennsylvania,XL,Brown,Fall,5,No,Debit Card,Standard,No,No,4,Quarterly
1293,56-65,Male,DVD,Books & Media,42.85,New Jersey,N/A,N/A,Spring,5,No,Bank Transfer,Standard,Yes,No,8,Bi-Weekly
1294,65+,Male,Board Game,Toys & Games,32.52,Florida,N/A,N/A,Spring,3,No,Debit Card,Free Shipping,No,No,5,Bi-Weekly
1295,56-65,Male,Skincare,Beauty & Personal Care,34.36,New York,N/A,N/A,Winter,4,No,PayPal,Standard,No,No,4,Monthly
1296,46-55,Male,Music Album,Books & Media,34.28,Texas,N/A,N/A,Spring,3,No,Cash,Standard,Yes,Yes,6,Quarterly
1297,46-55,Male,Jewelry,Accessories,116.43,Pennsylvania,N/A,Black,Fall,5,No,Debit Card,Free Shipping,Yes,No,4,Bi-Weekly
1298,65+,Male,Novel,Books & Media,27.34,Illinois,N/A,N/A,Winter,4,Yes,Credit Card,Express,No,No,7,Quarterly
1299,26-35,Female,Sunglasses,Accessories,18.27,Michigan,N/A,Black,Winter,4,No,Credit Card,Next Day Delivery,No,No,5,Quarterly
1300,46-55,Male,Watch,Accessories,88.07,New York,N/A,Brown,Spring,3,No,PayPal,Next Day Delivery,No,No,5,Monthly
1301,65+,Female,Sneakers,Footwear,137.55,Florida,XS,Blue,Winter,5,Yes,Credit Card,Next Day Delivery,No,No,5,Quarterly
1302,46-55,Male,Action Figure,Toys & Games,55.64,New Jersey,N/A,N/A,Fall,5,No,Cash,Standard,No,No,8,Weekly
1303,46-55,Female,Sports Apparel,Sports & Outdoors,77.51,Florida,N/A,N/A,Summer,3,No,Debit Card,Free Shipping,Yes,No,6,Quarterly
1304,46-55,Female,Action Figure,Toys & Games,41.34,Virginia,N/A,N/A,Winter,4,Yes,Debit Card,Free Shipping,No,No,7,Weekly
1305,56-65,Male,Watch,Accessories,109.43,Virginia,N/A,Gray,Summer,4,No,Debit Card,Next Day Delivery,No,Yes,2,Weekly
1306,26-35,Male,Magazine,Books & Media,46.07,Georgia,N/A,N/A,Fall,5,No,Credit Card,Free Shipping,No,Yes,7,Monthly
1307,56-65,Female,Jacket,Clothing,27.16,Florida,L,Gray,Spring,4,No,Credit Card,Express,No,No,2,Bi-Weekly
1308,46-55,Male,Action Figure,Toys & Games,44.43,Michigan,N/A,N/A,Winter,4,Yes,Cash,Next Day Delivery,Yes,Yes,4,Bi-Weekly
1309,26-35,Female,Dress,Clothing,97.84,Pennsylvania,XS,Blue,Fall,5,Yes,Bank Transfer,Standard,No,No,9,Quarterly
1310,65+,Male,Music Album,Books & Media,31.72,Ohio,N/A,N/A,Fall,5,No,Debit Card,Free Shipping,No,No,4,Annually
1311,36-45,Male,Laptop,Electronics,179.44,Georgia,N/A,N/A,Winter,5,Yes,Debit Card,Express,No,No,4,Annually
1312,56-65,Male,Running Shoes,Footwear,98.26,Ohio,L,Blue,Winter,5,No,Debit Card,Standard,No,No,5,Weekly
1313,18-25,Female,Camera,Electronics,985.23,California,N/A,N/A,Winter,5,Yes,Credit Card,Free Shipping,No,No,7,Annually
1314,56-65,Female,Camera,Electronics,158.68,Georgia,N/A,N/A,Spring,5,Yes,Debit Card,Free Shipping,No,No,6,Bi-Weekly
1315,26-35,Female,Music Album,Books & Media,27.91,Texas,N/A,N/A,Summer,5,No,PayPal,Standard,No,No,9,Monthly
1316,46-55,Female,Fragrance,Beauty & Personal Care,60.9,California,N/A,N/A,Fall,5,No,Cash,Next Day Delivery,No,Yes,1,Monthly
1317,65+,Male,Decor,Home & Garden,92.76,Ohio,N/A,N/A,Summer,5,No,Credit Card,Free Shipping,No,Yes,10,Weekly
1318,18-25,Male,Pants,Clothing,73.66,Pennsylvania,XL,Brown,Fall,5,No,Debit Card,Express,No,No,8,Annually
1319,46-55,Female,Belt,Accessories,137.9,Ohio,N/A,White,Winter,5,No,Credit Card,Free Shipping,No,Yes,5,Bi-Weekly
1320,65+,Male,Makeup,Beauty & Personal Care,35.87,Ohio,N/A,N/A,Fall,4,No,Bank Transfer,Express,No,No,9,Quarterly
1321,26-35,Male,Camera,Electronics,326.67,Florida,N/A,N/A,Spring,4,Yes,Bank Transfer,Free Shipping,No,Yes,3,Monthly
1322,56-65,Female,Sandals,Footwear,88.23,New York,XS,Black,Spring,5,No,PayPal,Standard,No,No,3,Annually
1323,26-35,Male,Sweater,Clothing,27.44,Virginia,XL,Black,Winter,4,Yes,Credit Card,Express,No,No,12,Quarterly
1324,65+,Male,Camping Gear,Sports & Outdoors,131.39,New York,N/A,N/A,Summer,5,No,Debit Card,Express,No,Yes,4,Annually
1325,26-35,Female,Hair Care,Beauty & Personal Care,17.27,New Jersey,N/A,N/A,Spring,4,No,Debit Card,Standard,No,No,8,Bi-Weekly
1326,65+,Female,Jeans,Clothing,59.28,Michigan,XS,Black,Winter,5,No,Bank Transfer,Standard,No,No,7,Weekly
1327,26-35,Male,Decor,Home & Garden,190.17,Florida,N/A,N/A,Spring,5,Yes,Credit Card,Free Shipping,No,Yes,10,Monthly
1328,26-35,Male,Skincare,Beauty & Personal Care,48.18,Georgia,N/A,N/A,Spring,5,No,PayPal,Standard,No,No,3,Quarterly
1329,65+,Female,Laptop,Electronics,90.16,New Jersey,N/A,N/A,Winter,5,No,PayPal,Next Day Delivery,No,No,9,Quarterly
1330,26-35,Male,Sandals,Footwear,195.21,California,S,Gray,Spring,5,No,Credit Card,Next Day Delivery,Yes,No,6,Monthly
1331,46-55,Female,Board Game,Toys & Games,47.18,Florida,N/A,N/A,Fall,4,Yes,Credit Card,Express,No,No,8,Annually
1332,18-25,Other,Board Game,Toys & Games,64.87,North Carolina,N/A,N/A,Summer,5,No,Cash,Next Day Delivery,Yes,No,5,Weekly
1333,26-35,Male,Dress,Clothing,109.23,Florida,S,Black,Summer,5,Yes,Debit Card,Next Day Delivery,No,No,6,Quarterly
1334,26-35,Male,Headphones,Electronics,127.23,Virginia,N/A,N/A,Fall,5,No,PayPal,Free Shipping,Yes,No,2,Quarterly
1335,56-65,Male,Makeup,Beauty & Personal Care,53.98,Illinois,N/A,N/A,Summer,4,Yes,Cash,Next Day Delivery,No,No,7,Quarterly
1336,18-25,Female,Kitchenware,Home & Garden,289.85,New York,N/A,N/A,Winter,5,No,PayPal,Free Shipping,Yes,No,4,Quarterly
1337,56-65,Female,Decor,Home & Garden,112.07,Michigan,N/A,N/A,Spring,5,No,Bank Transfer,Free Shipping,No,No,8,Quarterly
1338,26-35,Female,Sports Apparel,Sports & Outdoors,212.6,New Jersey,N/A,N/A,Spring,4,No,PayPal,Express,Yes,No,7,Weekly
1339,56-65,Female,Garden Tools,Home & Garden,68.81,Ohio,N/A,N/A,Fall,4,No,Bank Transfer,Next Day Delivery,No,No,7,Quarterly
1340,18-25,Male,Laptop,Electronics,280.14,Pennsylvania,N/A,N/A,Winter,4,No,Cash,Next Day Delivery,No,No,6,Bi-Weekly
1341,18-25,Male,Wallet,Accessories,10.0,Pennsylvania,N/A,Blue,Summer,5,No,Debit Card,Standard,Yes,No,8,Weekly
1342,36-45,Female,Jeans,Clothing,77.74,Pennsylvania,S,Red,Fall,5,Yes,Cash,Standard,No,No,8,Quarterly
1343,36-45,Female,Belt,Accessories,58.77,New York,N/A,Black,Fall,5,No,Bank Transfer,Standard,No,Yes,3,Annually
1344,65+,Male,Fragrance,Beauty & Personal Care,69.88,Pennsylvania,N/A,N/A,Fall,4,No,Cash,Express,No,No,5,Weekly
1345,46-55,Female,Novel,Books & Media,24.21,Illinois,N/A,N/A,Winter,5,No,Credit Card,Standard,No,No,5,Quarterly
1346,26-35,Male,Bike,Sports & Outdoors,108.77,New York,N/A,N/A,Spring,5,Yes,Debit Card,Standard,Yes,No,6,Annually
1347,18-25,Male,DVD,Books & Media,25.97,Florida,N/A,N/A,Winter,5,No,Credit Card,Standard,Yes,No,5,Monthly
1348,65+,Other,Shirt,Clothing,67.21,Georgia,XS,Brown,Winter,5,Yes,Debit Card,Next Day Delivery,No,No,7,Monthly
1349,36-45,Female,Skincare,Beauty & Personal Care,67.67,North Carolina,N/A,N/A,Fall,5,No,PayPal,Standard,No,No,8,Quarterly
1350,36-45,Female,Music Album,Books & Media,11.75,New Jersey,N/A,N/A,Spring,5,No,Debit Card,Standard,No,No,7,Weekly
1351,26-35,Female,Blouse,Clothing,106.04,California,S,Black,Fall,5,No,PayPal,Express,No,No,6,Bi-Weekly
1352,18-25,Male,Wallet,Accessories,136.24,Pennsylvania,N/A,Brown,Spring,3,No,Credit Card,Next Day Delivery,Yes,Yes,7,Weekly
1353,18-25,Female,Dress,Clothing,90.74,Texas,M,Blue,Winter,4,Yes,Debit Card,Express,Yes,No,5,Bi-Weekly
1354,56-65,Male,Novel,Books & Media,16.22,Florida,N/A,N/A,Fall,5,No,Cash,Free Shipping,Yes,Yes,6,Quarterly
1355,65+,Male,Smartwatch,Electronics,456.69,North Carolina,N/A,N/A,Summer,4,No,Bank Transfer,Free Shipping,No,No,2,Quarterly
1356,36-45,Male,Bike,Sports & Outdoors,115.38,New York,N/A,N/A,Spring,5,Yes,Debit Card,Next Day Delivery,No,No,6,Weekly
1357,36-45,Male,Action Figure,Toys & Games,53.41,New Jersey,N/A,N/A,Summer,4,No,Credit Card,Standard,Yes,Yes,10,Quarterly
1358,18-25,Female,Watch,Accessories,20.17,New Jersey,N/A,White,Winter,4,No,PayPal,Express,No,No,8,Quarterly
1359,18-25,Male,Camping Gear,Sports & Outdoors,181.31,Michigan,N/A,N/A,Fall,5,No,Debit Card,Free Shipping,No,No,4,Bi-Weekly
1360,56-65,Female,Laptop,Electronics,687.24,New York,N/A,N/A,Fall,4,No,PayPal,Free Shipping,Yes,No,3,Annually
1361,56-65,Other,Jewelry,Accessories,83.88,New York,N/A,Black,Fall,5,No,PayPal,Express,No,No,2,Monthly
1362,56-65,Female,Laptop,Electronics,483.47,Georgia,N/A,N/A,Spring,5,No,Credit Card,Express,No,No,6,Weekly
1363,46-55,Female,Sandals,Footwear,154.92,California,L,Gray,Winter,3,Yes,Debit Card,Next Day Delivery,No,No,7,Weekly
1364,56-65,Male,Headphones,Electronics,492.04,Ohio,N/A,N/A,Summer,5,No,Cash,Free Shipping,No,No,4,Annually
1365,46-55,Female,Puzzle,Toys & Games,27.63,California,N/A,N/A,Winter,5,No,Debit Card,Next Day Delivery,No,No,7,Weekly
1366,18-25,Male,Fragrance,Beauty & Personal Care,72.76,New York,N/A,N/A,Fall,5,Yes,Cash,Free Shipping,No,No,3,Bi-Weekly
1367,56-65,Female,Garden Tools,Home & Garden,125.0,Michigan,N/A,N/A,Winter,5,No,Bank Transfer,Free Shipping,No,No,6,Weekly
1368,65+,Male,Jeans,Clothing,113.39,New York,XS,White,Spring,5,No,Credit Card,Standard,No,No,5,Annually
1369,36-45,Female,Watch,Accessories,107.52,North Carolina,N/A,Black,Fall,4,No,Cash,Free Shipping,No,Yes,3,Quarterly
1370,46-55,Female,Laptop,Electronics,399.7,Virginia,N/A,N/A,Fall,4,No,PayPal,Express,No,No,1,Bi-Weekly
1371,26-35,Male,Sports Apparel,Sports & Outdoors,74.02,Virginia,N/A,N/A,Fall,5,No,Credit Card,Standard,No,No,7,Bi-Weekly
1372,56-65,Female,DVD,Books & Media,29.31,Virginia,N/A,N/A,Summer,5,No,Cash,Next Day Delivery,No,No,3,Weekly
1373,26-35,Female,Sandals,Footwear,74.78,Georgia,S,Black,Winter,5,Yes,PayPal,Next Day Delivery,No,No,8,Weekly
1374,26-35,Female,Furniture,Home & Garden,84.74,Florida,N/A,N/A,Spring,5,Yes,Bank Transfer,Next Day Delivery,No,Yes,4,Quarterly
1375,56-65,Other,Jacket,Clothing,62.04,New York,L,Black,Spring,4,No,Credit Card,Next Day Delivery,No,No,7,Bi-Weekly
1376,56-65,Male,Action Figure,Toys & Games,71.61,Florida,N/A,N/A,Spring,5,No,Credit Card,Next Day Delivery,No,No,3,Monthly
1377,46-55,Female,DVD,Books & Media,18.89,North Carolina,N/A,N/A,Fall,5,Yes,PayPal,Next Day Delivery,No,No,11,Monthly
1378,46-55,Male,Blouse,Clothing,78.2,Pennsylvania,M,Gray,Fall,5,No,Bank Transfer,Free Shipping,Yes,No,8,Weekly
1379,36-45,Male,Board Game,Toys & Games,56.01,Florida,N/A,N/A,Winter,4,Yes,Cash,Express,No,No,12,Monthly
1380,46-55,Male,Pants,Clothing,78.92,Michigan,L,Blue,Summer,5,Yes,Credit Card,Express,No,No,7,Quarterly
1381,65+,Female,Headphones,Electronics,218.37,New Jersey,N/A,N/A,Winter,5,Yes,Bank Transfer,Express,Yes,Yes,11,Monthly
1382,65+,Female,Sports Apparel,Sports & Outdoors,84.67,Ohio,N/A,N/A,Winter,3,No,Debit Card,Next Day Delivery,No,No,2,Bi-Weekly
1383,18-25,Female,Puzzle,Toys & Games,27.24,Michigan,N/A,N/A,Spring,4,No,PayPal,Free Shipping,Yes,Yes,4,Annually
1384,36-45,Female,Furniture,Home & Garden,194.78,California,N/A,N/A,Winter,5,No,Cash,Free Shipping,Yes,No,6,Bi-Weekly
1385,56-65,Female,Garden Tools,Home & Garden,173.22,North Carolina,N/A,N/A,Summer,5,No,Debit Card,Free Shipping,No,No,6,Monthly
1386,18-25,Female,Furniture,Home & Garden,175.07,Georgia,N/A,N/A,Spring,4,No,Cash,Next Day Delivery,No,No,4,Annually
1387,18-25,Male,Jacket,Clothing,15.97,Illinois,XS,Red,Fall,5,No,Credit Card,Standard,No,No,5,Monthly
1388,26-35,Female,Sports Apparel,Sports & Outdoors,43.2,North Carolina,N/A,N/A,Summer,5,No,Credit Card,Next Day Delivery,Yes,No,7,Bi-Weekly
1389,65+,Other,Jewelry,Accessories,25.92,Michigan,N/A,Black,Fall,5,Yes,Cash,Standard,No,No,2,Quarterly
1390,36-45,Female,Wallet,Accessories,105.68,New Jersey,N/A,Red,Winter,5,Yes,PayPal,Standard,No,No,5,Monthly
1391,36-45,Other,Kitchenware,Home & Garden,105.17,Michigan,N/A,N/A,Winter,5,No,Debit Card,Express,Yes,No,4,Bi-Weekly
1392,36-45,Male,Heels,Footwear,111.23,North Carolina,S,Blue,Fall,4,No,Credit Card,Next Day Delivery,No,No,7,Annually
1393,65+,Male,Magazine,Books & Media,30.1,Ohio,N/A,N/A,Winter,5,No,Credit Card,Express,Yes,Yes,4,Annually
1394,46-55,Female,Sports Apparel,Sports & Outdoors,184.23,Georgia,N/A,N/A,Fall,4,No,PayPal,Free Shipping,Yes,No,6,Quarterly
1395,46-55,Female,Novel,Books & Media,27.31,North Carolina,N/A,N/A,Spring,5,No,PayPal,Standard,No,No,8,Bi-Weekly
1396,56-65,Female,Kitchenware,Home & Garden,96.35,Michigan,N/A,N/A,Fall,5,No,Cash,Next Day Delivery,Yes,No,8,Weekly
1397,46-55,Male,Heels,Footwear,176.73,New Jersey,XS,Red,Winter,4,No,Credit Card,Standard,No,No,2,Weekly
1398,36-45,Male,Headphones,Electronics,521.75,Michigan,N/A,N/A,Spring,5,No,Debit Card,Free Shipping,No,Yes,5,Monthly
1399,18-25,Female,Camera,Electronics,250.69,Michigan,N/A,N/A,Spring,4,No,Cash,Express,No,No,11,Annually
1400,65+,Other,Magazine,Books & Media,29.18,New York,N/A,N/A,Summer,5,No,Debit Card,Next Day Delivery,Yes,No,5,Weekly
1401,46-55,Male,Watch,Accessories,103.9,Texas,N/A,Black,Summer,4,No,Bank Transfer,Standard,No,No,6,Annually
1402,18-25,Other,Handbag,Accessories,106.24,Texas,N/A,Red,Spring,5,No,Bank Transfer,Free Shipping,No,No,5,Quarterly
1403,18-25,Female,Headphones,Electronics,443.11,Ohio,N/A,N/A,Winter,4,Yes,Cash,Express,Yes,Yes,6,Annually
1404,36-45,Female,Novel,Books & Media,14.25,Ohio,N/A,N/A,Summer,4,No,Credit Card,Express,Yes,No,10,Bi-Weekly
1405,65+,Male,Handbag,Accessories,145.49,North Carolina,N/A,Gray,Summer,5,No,PayPal,Free Shipping,No,No,7,Monthly
1406,36-45,Male,Smartwatch,Electronics,253.88,Georgia,N/A,N/A,Fall,5,No,Debit Card,Free Shipping,No,No,6,Quarterly
1407,65+,Female,Tablet,Electronics,114.13,Ohio,N/A,N/A,Winter,4,Yes,Cash,Standard,No,No,10,Monthly
1408,46-55,Female,Smartwatch,Electronics,657.25,Ohio,N/A,N/A,Spring,4,Yes,Bank Transfer,Next Day Delivery,Yes,No,5,Weekly
1409,65+,Male,Novel,Books & Media,30.88,Pennsylvania,N/A,N/A,Summer,4,Yes,PayPal,Free Shipping,No,No,14,Monthly
1410,18-25,Male,Sandals,Footwear,153.53,North Carolina,XL,White,Fall,5,No,Bank Transfer,Free Shipping,No,No,9,Annually
1411,18-25,Female,Casual Shoes,Footwear,93.77,Florida,M,Gray,Fall,5,No,PayPal,Express,Yes,Yes,2,Monthly
1412,65+,Male,Bedding,Home & Garden,210.9,Texas,N/A,N/A,Winter,5,No,PayPal,Free Shipping,No,No,6,Annually
1413,65+,Other,Running Shoes,Footwear,149.98,Virginia,XL,Brown,Fall,5,No,Cash,Next Day Delivery,No,Yes,4,Annually
1414,56-65,Female,Bike,Sports & Outdoors,58.37,Texas,N/A,N/A,Spring,4,No,Credit Card,Express,No,No,7,Bi-Weekly
1415,18-25,Female,Tablet,Electronics,446.92,New Jersey,N/A,N/A,Winter,5,No,Debit Card,Express,Yes,No,3,Bi-Weekly
1416,18-25,Female,Casual Shoes,Footwear,94.71,Ohio,L,Black,Spring,5,No,Bank Transfer,Next Day Delivery,No,Yes,7,Weekly
1417,18-25,Female,Tablet,Electronics,174.73,Pennsylvania,N/A,N/A,Spring,5,No,Cash,Next Day Delivery,No,No,4,Weekly
1418,65+,Female,Music Album,Books & Media,31.48,Florida,N/A,N/A,Summer,3,Yes,Cash,Next Day Delivery,No,No,7,Quarterly
1419,46-55,Other,Kitchenware,Home & Garden,197.89,New York,N/A,N/A,Summer,5,No,PayPal,Express,No,No,6,Weekly
1420,56-65,Female,Jeans,Clothing,97.16,New Jersey,XS,White,Spring,4,No,Cash,Standard,No,No,5,Monthly
1421,46-55,Male,Board Game,Toys & Games,16.25,Pennsylvania,N/A,N/A,Summer,5,No,Bank Transfer,Free Shipping,No,No,7,Bi-Weekly
1422,26-35,Female,DVD,Books & Media,10.0,Pennsylvania,N/A,N/A,Summer,3,No,Credit Card,Free Shipping,No,No,5,Quarterly
1423,65+,Female,Skincare,Beauty & Personal Care,57.58,Michigan,N/A,N/A,Spring,5,No,Cash,Next Day Delivery,No,No,8,Weekly
1424,18-25,Male,Magazine,Books & Media,10.0,California,N/A,N/A,Fall,5,No,Credit Card,Express,No,No,6,Monthly
1425,36-45,Male,Hair Care,Beauty & Personal Care,28.71,Texas,N/A,N/A,Summer,5,Yes,Debit Card,Standard,No,No,8,Annually
1426,56-65,Female,Belt,Accessories,64.33,Michigan,N/A,Green,Fall,5,No,PayPal,Standard,Yes,No,7,Annually
1427,65+,Male,Smartwatch,Electronics,164.66,Georgia,N/A,N/A,Fall,5,Yes,Credit Card,Standard,No,Yes,7,Monthly
1428,46-55,Female,Kitchenware,Home & Garden,200.33,Pennsylvania,N/A,N/A,Spring,5,Yes,Cash,Express,No,No,12,Annually
1429,65+,Male,Fitness Equipment,Sports & Outdoors,155.24,New York,N/A,N/A,Winter,4,No,Credit Card,Standard,No,No,4,Monthly
1430,18-25,Male,Skincare,Beauty & Personal Care,59.46,North Carolina,N/A,N/A,Winter,5,Yes,Cash,Next Day Delivery,No,No,6,Weekly
1431,18-25,Male,Jacket,Clothing,86.34,North Carolina,S,Gray,Fall,5,No,PayPal,Free Shipping,No,Yes,5,Monthly
1432,26-35,Female,Shirt,Clothing,69.08,California,S,Green,Winter,5,No,Credit Card,Free Shipping,No,Yes,3,Weekly
1433,46-55,Male,Makeup,Beauty & Personal Care,51.01,Ohio,N/A,N/A,Winter,4,Yes,Bank Transfer,Express,No,Yes,5,Weekly
1434,46-55,Male,Smartwatch,Electronics,390.43,Pennsylvania,N/A,N/A,Fall,5,Yes,Cash,Next Day Delivery,No,Yes,4,Quarterly
1435,18-25,Male,Handbag,Accessories,62.51,Texas,N/A,Green,Spring,4,No,Cash,Free Shipping,No,No,4,Annually
1436,56-65,Female,Blouse,Clothing,107.95,California,S,Brown,Spring,5,No,Credit Card,Standard,No,Yes,8,Bi-Weekly
1437,46-55,Male,Sandals,Footwear,125.55,California,M,Blue,Summer,5,No,Debit Card,Express,No,No,5,Annually
1438,46-55,Female,Novel,Books & Media,10.0,New Jersey,N/A,N/A,Spring,5,No,Credit Card,Next Day Delivery,No,Yes,4,Annually
1439,26-35,Female,DVD,Books & Media,32.46,New York,N/A,N/A,Winter,4,No,Debit Card,Next Day Delivery,No,No,9,Annually
1440,36-45,Male,Belt,Accessories,92.83,Illinois,N/A,Blue,Spring,5,No,Credit Card,Next Day Delivery,No,No,9,Quarterly
1441,65+,Female,DVD,Books & Media,36.6,Texas,N/A,N/A,Summer,5,No,Cash,Express,No,Yes,6,Monthly
1442,65+,Other,Action Figure,Toys & Games,34.71,Texas,N/A,N/A,Fall,5,No,Cash,Standard,No,No,11,Bi-Weekly
1443,65+,Female,Music Album,Books & Media,26.29,Texas,N/A,N/A,Spring,4,No,PayPal,Standard,No,Yes,7,Monthly
1444,36-45,Female,Hair Care,Beauty & Personal Care,40.15,Texas,N/A,N/A,Spring,5,Yes,Debit Card,Free Shipping,Yes,No,6,Quarterly
1445,18-25,Male,Fragrance,Beauty & Personal Care,37.2,Georgia,N/A,N/A,Spring,5,No,Cash,Express,Yes,No,4,Quarterly
1446,26-35,Male,Skincare,Beauty & Personal Care,45.11,New Jersey,N/A,N/A,Fall,5,No,Credit Card,Next Day Delivery,No,No,4,Weekly
1447,56-65,Female,Sports Apparel,Sports & Outdoors,109.45,Michigan,N/A,N/A,Summer,4,No,Credit Card,Next Day Delivery,No,No,9,Annually
1448,46-55,Female,Skincare,Beauty & Personal Care,50.69,Texas,N/A,N/A,Winter,5,No,Debit Card,Free Shipping,No,No,5,Quarterly
1449,56-65,Male,Puzzle,Toys & Games,40.92,Florida,N/A,N/A,Winter,5,No,PayPal,Express,Yes,No,3,Bi-Weekly
1450,18-25,Female,Decor,Home & Garden,28.42,Texas,N/A,N/A,Summer,3,No,Bank Transfer,Next Day Delivery,No,No,6,Monthly
1451,56-65,Female,Skincare,Beauty & Personal Care,32.4,Michigan,N/A,N/A,Fall,5,No,Debit Card,Next Day Delivery,No,No,5,Monthly
1452,65+,Male,Shirt,Clothing,85.44,Illinois,XL,Gray,Fall,5,No,Debit Card,Express,No,Yes,8,Quarterly
1453,46-55,Male,Jacket,Clothing,91.75,California,L,Black,Fall,5,No,PayPal,Express,No,Yes,6,Quarterly
1454,18-25,Male,Headphones,Electronics,633.72,Michigan,N/A,N/A,Fall,4,Yes,Credit Card,Free Shipping,No,No,5,Bi-Weekly
1455,36-45,Female,Decor,Home & Garden,126.17,Georgia,N/A,N/A,Summer,5,Yes,Cash,Express,No,No,6,Bi-Weekly
1456,56-65,Male,Pants,Clothing,93.55,Texas,XS,White,Winter,5,No,Bank Transfer,Next Day Delivery,No,No,6,Weekly
1457,56-65,Female,Watch,Accessories,73.35,Virginia,N/A,Blue,Fall,4,No,Credit Card,Next Day Delivery,No,Yes,6,Annually
1458,65+,Female,Sweater,Clothing,71.0,New York,M,Black,Spring,3,No,Bank Transfer,Free Shipping,Yes,Yes,6,Weekly
1459,56-65,Female,Laptop,Electronics,644.93,New York,N/A,N/A,Fall,4,No,Bank Transfer,Next Day Delivery,No,No,5,Quarterly
1460,18-25,Female,Hair Care,Beauty & Personal Care,37.33,Florida,N/A,N/A,Spring,4,Yes,Debit Card,Next Day Delivery,No,No,2,Monthly
1461,46-55,Male,Bike,Sports & Outdoors,30.93,Illinois,N/A,N/A,Spring,5,Yes,Cash,Next Day Delivery,No,No,4,Weekly
1462,36-45,Female,Running Shoes,Footwear,153.64,California,XS,Green,Summer,5,No,Debit Card,Next Day Delivery,No,No,6,Bi-Weekly
1463,46-55,Male,Jeans,Clothing,92.46,Virginia,S,Red,Spring,5,Yes,Credit Card,Express,Yes,No,6,Annually
1464,56-65,Male,Video Game,Toys & Games,29.64,North Carolina,N/A,N/A,Spring,4,No,Bank Transfer,Standard,No,Yes,5,Annually
1465,46-55,Male,Video Game,Toys & Games,34.76,Pennsylvania,N/A,N/A,Fall,5,No,Cash,Next Day Delivery,Yes,Yes,5,Bi-Weekly
1466,36-45,Male,Sunglasses,Accessories,79.16,New York,N/A,Red,Fall,5,No,Credit Card,Express,No,No,8,Quarterly
1467,65+,Female,Hair Care,Beauty & Personal Care,29.76,Texas,N/A,N/A,Fall,3,No,Bank Transfer,Standard,No,Yes,4,Monthly
1468,65+,Male,Magazine,Books & Media,41.38,Georgia,N/A,N/A,Winter,5,No,Cash,Express,No,Yes,7,Annually
1469,26-35,Male,Makeup,Beauty & Personal Care,63.02,Michigan,N/A,N/A,Fall,5,No,Debit Card,Next Day Delivery,No,Yes,10,Monthly
1470,18-25,Male,Tablet,Electronics,277.65,Ohio,N/A,N/A,Summer,5,No,Bank Transfer,Free Shipping,No,No,4,Bi-Weekly
1471,26-35,Female,Novel,Books & Media,11.81,Florida,N/A,N/A,Spring,4,No,PayPal,Next Day Delivery,No,Yes,4,Annually
1472,65+,Male,Novel,Books & Media,10.0,Florida,N/A,N/A,Spring,4,No,PayPal,Standard,No,No,6,Bi-Weekly
1473,18-25,Male,Running Shoes,Footwear,172.91,North Carolina,L,Red,Fall,5,No,Cash,Free Shipping,No,No,9,Annually
1474,26-35,Female,Furniture,Home & Garden,124.99,Pennsylvania,N/A,N/A,Fall,4,No,Bank Transfer,Standard,No,No,6,Weekly
1475,18-25,Female,Bike,Sports & Outdoors,62.84,Ohio,N/A,N/A,Winter,5,No,PayPal,Next Day Delivery,Yes,No,2,Quarterly
1476,65+,Male,Casual Shoes,Footwear,176.75,Florida,XL,Brown,Spring,5,No,Cash,Standard,No,No,4,Annually
1477,56-65,Male,Bike,Sports & Outdoors,127.09,Ohio,N/A,N/A,Fall,5,Yes,PayPal,Express,No,Yes,6,Annually
1478,65+,Male,Furniture,Home & Garden,286.32,New York,N/A,N/A,Fall,5,No,PayPal,Next Day Delivery,No,No,4,Weekly
1479,56-65,Female,Video Game,Toys & Games,55.21,Illinois,N/A,N/A,Fall,5,No,PayPal,Next Day Delivery,No,No,8,Bi-Weekly
1480,26-35,Male,Blouse,Clothing,93.9,Virginia,S,Red,Fall,5,No,Bank Transfer,Next Day Delivery,No,No,7,Weekly
1481,36-45,Male,Kitchenware,Home & Garden,205.07,Texas,N/A,N/A,Fall,5,No,Debit Card,Free Shipping,No,No,11,Quarterly
1482,26-35,Female,Sandals,Footwear,136.99,Illinois,XL,Brown,Spring,5,No,Cash,Next Day Delivery,Yes,No,4,Bi-Weekly
1483,18-25,Male,Belt,Accessories,109.22,North Carolina,N/A,Brown,Summer,5,No,Credit Card,Standard,Yes,No,5,Annually
1484,56-65,Female,Watch,Accessories,108.41,Georgia,N/A,Brown,Spring,5,No,Debit Card,Express,No,No,9,Monthly
1485,56-65,Female,Fragrance,Beauty & Personal Care,33.75,North Carolina,N/A,N/A,Summer,5,No,PayPal,Next Day Delivery,No,No,8,Weekly
1486,65+,Female,Tablet,Electronics,369.67,Ohio,N/A,N/A,Winter,3,Yes,Debit Card,Standard,No,No,4,Bi-Weekly
1487,36-45,Male,Headphones,Electronics,186.65,Texas,N/A,N/A,Summer,5,Yes,Credit Card,Next Day Delivery,No,No,4,Bi-Weekly
1488,56-65,Male,Sports Apparel,Sports & Outdoors,124.17,Georgia,N/A,N/A,Spring,4,Yes,Debit Card,Standard,No,No,10,Quarterly
1489,18-25,Female,Puzzle,Toys & Games,34.82,New York,N/A,N/A,Spring,4,No,Credit Card,Express,No,No,9,Bi-Weekly
1490,56-65,Female,Makeup,Beauty & Personal Care,48.57,New Jersey,N/A,N/A,Summer,4,No,Debit Card,Free Shipping,Yes,No,8,Bi-Weekly
1491,46-55,Male,Casual Shoes,Footwear,172.85,Georgia,M,White,Summer,5,No,Credit Card,Express,No,No,8,Weekly
1492,46-55,Male,Tablet,Electronics,260.83,North Carolina,N/A,N/A,Summer,3,Yes,Cash,Standard,No,No,6,Quarterly
1493,65+,Male,Garden Tools,Home & Garden,100.94,Ohio,N/A,N/A,Summer,5,Yes,Debit Card,Free Shipping,No,Yes,7,Annually
1494,65+,Female,Sandals,Footwear,103.05,New York,M,Gray,Winter,5,No,PayPal,Free Shipping,No,No,6,Annually
1495,36-45,Female,Video Game,Toys & Games,24.57,Illinois,N/A,N/A,Spring,5,Yes,Cash,Standard,Yes,No,5,Monthly
1496,46-55,Male,DVD,Books & Media,34.15,New York,N/A,N/A,Winter,5,No,Credit Card,Express,No,No,7,Quarterly
1497,36-45,Female,Headphones,Electronics,263.93,Virginia,N/A,N/A,Winter,3,No,Cash,Free Shipping,No,Yes,5,Quarterly
1498,56-65,Male,Makeup,Beauty & Personal Care,38.77,California,N/A,N/A,Fall,3,No,Debit Card,Express,Yes,No,3,Quarterly
1499,18-25,Female,Puzzle,Toys & Games,54.01,Illinois,N/A,N/A,Fall,5,Yes,PayPal,Free Shipping,Yes,No,5,Quarterly
1500,46-55,Female,Hair Care,Beauty & Personal Care,42.2,California,N/A,N/A,Fall,5,No,PayPal,Express,No,No,4,Monthly
1501,65+,Female,Dress,Clothing,108.73,Georgia,L,White,Summer,5,Yes,Bank Transfer,Express,No,Yes,6,Weekly
1502,56-65,Male,Camping Gear,Sports & Outdoors,182.78,Michigan,N/A,N/A,Spring,5,No,Credit Card,Free Shipping,No,Yes,7,Weekly
1503,65+,Male,Sports Apparel,Sports & Outdoors,154.2,North Carolina,N/A,N/A,Spring,5,Yes,Credit Card,Express,Yes,No,7,Monthly
1504,56-65,Male,Handbag,Accessories,143.15,North Carolina,N/A,Red,Summer,4,Yes,Debit Card,Express,No,No,4,Monthly
1505,36-45,Female,Makeup,Beauty & Personal Care,30.88,North Carolina,N/A,N/A,Summer,4,Yes,Credit Card,Standard,No,No,5,Weekly
1506,56-65,Male,Smartwatch,Electronics,551.33,Ohio,N/A,N/A,Winter,5,No,Credit Card,Express,No,No,8,Monthly
1507,36-45,Female,Pants,Clothing,47.66,New Jersey,S,Black,Fall,5,No,Credit Card,Free Shipping,No,No,3,Quarterly
1508,26-35,Male,Furniture,Home & Garden,76.74,Texas,N/A,N/A,Spring,5,Yes,Bank Transfer,Free Shipping,Yes,No,4,Weekly
1509,18-25,Male,Action Figure,Toys & Games,49.24,Texas,N/A,N/A,Winter,4,No,Cash,Next Day Delivery,No,No,8,Monthly
1510,46-55,Other,Board Game,Toys & Games,28.04,Illinois,N/A,N/A,Fall,5,No,PayPal,Express,No,No,3,Weekly
1511,36-45,Male,Music Album,Books & Media,14.97,Illinois,N/A,N/A,Winter,5,No,Credit Card,Express,No,No,3,Quarterly
1512,56-65,Other,Bedding,Home & Garden,141.2,Illinois,N/A,N/A,Summer,3,No,PayPal,Standard,Yes,Yes,15,Quarterly
1513,65+,Female,Hair Care,Beauty & Personal Care,24.04,North Carolina,N/A,N/A,Spring,5,No,PayPal,Express,No,No,5,Annually
1514,18-25,Female,Makeup,Beauty & Personal Care,58.98,Georgia,N/A,N/A,Fall,5,Yes,PayPal,Standard,No,No,6,Monthly
1515,36-45,Male,Casual Shoes,Footwear,87.59,Texas,XS,Green,Summer,4,Yes,Cash,Free Shipping,No,Yes,5,Annually
1516,26-35,Female,Laptop,Electronics,17.67,Ohio,N/A,N/A,Winter,4,No,Bank Transfer,Express,No,Yes,7,Weekly
1517,46-55,Male,Bedding,Home & Garden,247.79,Illinois,N/A,N/A,Fall,5,No,Cash,Standard,No,No,10,Monthly
1518,65+,Male,Skincare,Beauty & Personal Care,46.24,Illinois,N/A,N/A,Summer,4,No,Bank Transfer,Free Shipping,No,No,8,Annually
1519,46-55,Male,Camping Gear,Sports & Outdoors,47.73,Pennsylvania,N/A,N/A,Winter,5,No,PayPal,Standard,No,No,6,Weekly
1520,46-55,Female,Tablet,Electronics,695.35,Florida,N/A,N/A,Spring,4,No,Cash,Standard,No,No,5,Bi-Weekly
1521,26-35,Male,Novel,Books & Media,24.05,California,N/A,N/A,Winter,5,No,PayPal,Express,Yes,Yes,4,Annually
1522,46-55,Male,Casual Shoes,Footwear,131.59,North Carolina,L,Red,Spring,5,No,Debit Card,Standard,No,Yes,10,Quarterly
1523,36-45,Female,Garden Tools,Home & Garden,151.71,Pennsylvania,N/A,N/A,Fall,4,No,Bank Transfer,Express,No,No,7,Bi-Weekly
1524,36-45,Male,Action Figure,Toys & Games,52.76,Michigan,N/A,N/A,Fall,5,No,Bank Transfer,Next Day Delivery,No,No,5,Quarterly
1525,46-55,Male,Sunglasses,Accessories,132.12,Virginia,N/A,Gray,Summer,5,No,Cash,Free Shipping,Yes,No,6,Weekly
1526,36-45,Female,Makeup,Beauty & Personal Care,67.14,Florida,N/A,N/A,Winter,3,No,Credit Card,Standard,Yes,Yes,6,Monthly
1527,65+,Female,Handbag,Accessories,52.96,Virginia,N/A,Black,Winter,5,No,Debit Card,Standard,Yes,No,8,Weekly
1528,56-65,Male,Magazine,Books & Media,12.68,Texas,N/A,N/A,Fall,5,No,Bank Transfer,Express,No,No,7,Monthly
1529,65+,Female,Pants,Clothing,68.62,Illinois,M,Brown,Winter,5,No,Bank Transfer,Next Day Delivery,No,No,8,Monthly
1530,56-65,Female,Hair Care,Beauty & Personal Care,39.25,North Carolina,N/A,N/A,Summer,4,No,Credit Card,Express,No,No,6,Weekly
1531,65+,Male,Sunglasses,Accessories,111.7,Florida,N/A,Blue,Spring,5,No,Cash,Free Shipping,No,No,6,Monthly
1532,56-65,Female,Garden Tools,Home & Garden,250.7,New Jersey,N/A,N/A,Winter,5,No,Cash,Express,No,No,11,Weekly
1533,26-35,Female,Watch,Accessories,102.73,Michigan,N/A,White,Summer,5,Yes,Cash,Free Shipping,No,No,9,Weekly
1534,36-45,Male,Smartphone,Electronics,288.87,Florida,N/A,N/A,Winter,5,No,PayPal,Free Shipping,No,No,3,Monthly
1535,36-45,Other,Board Game,Toys & Games,54.4,New York,N/A,N/A,Winter,4,No,PayPal,Free Shipping,No,No,4,Quarterly
1536,36-45,Female,Garden Tools,Home & Garden,137.54,Pennsylvania,N/A,N/A,Spring,3,No,Bank Transfer,Express,No,No,3,Bi-Weekly
1537,65+,Male,Kitchenware,Home & Garden,151.54,Ohio,N/A,N/A,Winter,5,No,PayPal,Next Day Delivery,No,No,9,Weekly
1538,56-65,Other,Hair Care,Beauty & Personal Care,14.65,Florida,N/A,N/A,Spring,5,Yes,Debit Card,Free Shipping,No,Yes,4,Monthly
1539,65+,Male,Makeup,Beauty & Personal Care,52.22,Michigan,N/A,N/A,Summer,5,Yes,PayPal,Next Day Delivery,Yes,No,4,Bi-Weekly
1540,65+,Male,Pants,Clothing,60.4,Georgia,M,Green,Summer,5,No,Credit Card,Next Day Delivery,No,No,10,Monthly
1541,18-25,Female,Sports Apparel,Sports & Outdoors,103.36,North Carolina,N/A,N/A,Spring,5,Yes,Bank Transfer,Next Day Delivery,Yes,No,11,Weekly
1542,65+,Female,Bedding,Home & Garden,255.29,Ohio,N/A,N/A,Spring,3,No,Debit Card,Next Day Delivery,No,No,8,Weekly
1543,56-65,Female,Blouse,Clothing,88.1,Virginia,L,Green,Winter,4,Yes,PayPal,Express,Yes,No,3,Quarterly
1544,65+,Male,Board Game,Toys & Games,36.71,California,N/A,N/A,Fall,4,No,Credit Card,Express,No,No,14,Bi-Weekly
1545,26-35,Female,Tablet,Electronics,791.63,Texas,N/A,N/A,Spring,5,No,PayPal,Standard,No,No,5,Monthly
1546,18-25,Male,Puzzle,Toys & Games,47.73,New York,N/A,N/A,Spring,4,No,Debit Card,Next Day Delivery,Yes,No,5,Bi-Weekly
1547,56-65,Female,Fitness Equipment,Sports & Outdoors,75.56,New Jersey,N/A,N/A,Winter,3,No,PayPal,Standard,Yes,No,3,Weekly
1548,26-35,Female,Action Figure,Toys & Games,24.8,Virginia,N/A,N/A,Fall,5,No,Credit Card,Express,Yes,No,3,Quarterly
1549,18-25,Female,Garden Tools,Home & Garden,226.37,New York,N/A,N/A,Winter,5,No,Cash,Standard,No,No,5,Monthly
1550,36-45,Male,Puzzle,Toys & Games,27.86,Texas,N/A,N/A,Fall,3,No,PayPal,Standard,No,No,6,Annually
1551,46-55,Male,Smartphone,Electronics,505.51,Texas,N/A,N/A,Summer,5,No,Credit Card,Express,Yes,No,11,Monthly
1552,56-65,Male,Blouse,Clothing,93.12,Florida,XS,White,Fall,5,Yes,PayPal,Standard,No,No,4,Bi-Weekly
1553,36-45,Female,Wallet,Accessories,51.7,Virginia,N/A,White,Fall,5,No,Credit Card,Free Shipping,No,No,4,Monthly
1554,26-35,Female,Kitchenware,Home & Garden,206.94,Michigan,N/A,N/A,Fall,5,No,PayPal,Express,No,Yes,8,Bi-Weekly
1555,36-45,Male,Handbag,Accessories,73.01,Illinois,N/A,Blue,Winter,4,No,Debit Card,Standard,No,Yes,5,Quarterly
1556,36-45,Female,Sports Apparel,Sports & Outdoors,182.04,New Jersey,N/A,N/A,Winter,5,No,Cash,Standard,No,No,8,Annually
1557,46-55,Female,Running Shoes,Footwear,104.8,Michigan,S,Gray,Winter,4,No,Debit Card,Next Day Delivery,No,No,3,Bi-Weekly
1558,36-45,Male,Puzzle,Toys & Games,21.36,Texas,N/A,N/A,Summer,4,No,Debit Card,Express,No,No,3,Quarterly
1559,36-45,Female,Shirt,Clothing,37.11,North Carolina,S,Red,Summer,5,Yes,PayPal,Next Day Delivery,Yes,No,5,Monthly
1560,56-65,Female,Skincare,Beauty & Personal Care,35.3,Pennsylvania,N/A,N/A,Spring,4,No,Debit Card,Standard,Yes,Yes,2,Bi-Weekly
1561,46-55,Male,DVD,Books & Media,26.93,Pennsylvania,N/A,N/A,Spring,5,No,Cash,Next Day Delivery,No,No,4,Monthly
1562,26-35,Female,Magazine,Books & Media,33.95,California,N/A,N/A,Winter,5,No,Bank Transfer,Free Shipping,No,No,5,Annually
1563,56-65,Male,Fragrance,Beauty & Personal Care,45.87,Georgia,N/A,N/A,Summer,5,No,Debit Card,Next Day Delivery,Yes,No,5,Annually
1564,36-45,Female,Music Album,Books & Media,11.64,Illinois,N/A,N/A,Spring,5,No,Cash,Standard,No,No,4,Quarterly
1565,46-55,Female,Garden Tools,Home & Garden,100.88,Ohio,N/A,N/A,Spring,4,Yes,Cash,Express,Yes,Yes,4,Monthly
1566,56-65,Male,Action Figure,Toys & Games,33.94,Michigan,N/A,N/A,Summer,5,No,Cash,Next Day Delivery,No,No,4,Weekly
1567,18-25,Male,Kitchenware,Home & Garden,85.43,Pennsylvania,N/A,N/A,Winter,4,No,PayPal,Express,No,No,3,Quarterly
1568,18-25,Female,Boots,Footwear,133.87,Florida,M,Blue,Spring,4,Yes,Cash,Express,No,No,5,Bi-Weekly
1569,46-55,Male,Camera,Electronics,216.24,New York,N/A,N/A,Summer,4,Yes,Bank Transfer,Next Day Delivery,No,No,6,Weekly
1570,46-55,Male,Sandals,Footwear,52.92,Texas,L,Green,Winter,5,No,Cash,Free Shipping,No,Yes,4,Quarterly
1571,46-55,Female,Watch,Accessories,103.22,Ohio,N/A,White,Fall,5,Yes,Cash,Free Shipping,Yes,No,6,Monthly
1572,36-45,Female,Fragrance,Beauty & Personal Care,44.25,North Carolina,N/A,N/A,Spring,5,No,Debit Card,Free Shipping,No,No,4,Annually
1573,18-25,Male,Belt,Accessories,91.75,Florida,N/A,Brown,Summer,4,No,Debit Card,Next Day Delivery,Yes,No,5,Monthly
1574,56-65,Female,Sweater,Clothing,99.42,Michigan,L,Black,Summer,3,No,Cash,Free Shipping,No,Yes,4,Bi-Weekly
1575,18-25,Female,Sunglasses,Accessories,108.06,Ohio,N/A,Black,Fall,5,Yes,PayPal,Express,No,Yes,5,Quarterly
1576,26-35,Male,Decor,Home & Garden,171.32,Ohio,N/A,N/A,Winter,5,No,Credit Card,Next Day Delivery,No,No,9,Quarterly
1577,26-35,Other,Heels,Footwear,93.58,New Jersey,XL,Brown,Spring,5,No,PayPal,Standard,Yes,Yes,4,Monthly
1578,65+,Female,Camera,Electronics,203.94,Ohio,N/A,N/A,Spring,5,No,Cash,Next Day Delivery,No,No,4,Bi-Weekly
1579,56-65,Male,Video Game,Toys & Games,29.88,New Jersey,N/A,N/A,Winter,5,No,Credit Card,Free Shipping,Yes,No,8,Quarterly
1580,46-55,Male,Dress,Clothing,101.79,Ohio,M,Gray,Spring,5,Yes,Bank Transfer,Free Shipping,No,No,8,Annually
1581,36-45,Female,DVD,Books & Media,26.26,North Carolina,N/A,N/A,Fall,4,No,Credit Card,Express,No,No,5,Quarterly
1582,56-65,Male,Skincare,Beauty & Personal Care,55.13,Florida,N/A,N/A,Spring,5,No,Debit Card,Next Day Delivery,No,Yes,4,Bi-Weekly
1583,56-65,Female,Music Album,Books & Media,24.68,California,N/A,N/A,Winter,5,No,Debit Card,Standard,Yes,No,5,Weekly
1584,46-55,Male,DVD,Books & Media,40.8,California,N/A,N/A,Fall,5,No,Debit Card,Free Shipping,No,No,12,Monthly
1585,65+,Female,Furniture,Home & Garden,224.91,North Carolina,N/A,N/A,Fall,5,No,Cash,Next Day Delivery,No,No,5,Monthly
1586,46-55,Female,Jacket,Clothing,60.87,Pennsylvania,M,Gray,Spring,5,No,Bank Transfer,Standard,No,No,4,Monthly
1587,65+,Other,Sweater,Clothing,74.77,Virginia,L,White,Summer,5,No,Credit Card,Standard,No,Yes,3,Bi-Weekly
1588,65+,Male,Casual Shoes,Footwear,128.12,Georgia,L,Blue,Fall,5,Yes,PayPal,Express,Yes,No,13,Annually
1589,56-65,Male,Novel,Books & Media,42.52,Texas,N/A,N/A,Fall,3,No,Debit Card,Standard,Yes,Yes,7,Bi-Weekly
1590,56-65,Male,Tablet,Electronics,564.52,North Carolina,N/A,N/A,Spring,4,No,Debit Card,Next Day Delivery,No,No,5,Quarterly
1591,46-55,Male,Pants,Clothing,50.13,Virginia,M,Gray,Spring,5,No,PayPal,Standard,No,No,6,Bi-Weekly
1592,56-65,Female,Decor,Home & Garden,245.13,Michigan,N/A,N/A,Summer,5,No,Credit Card,Next Day Delivery,No,No,7,Annually
1593,46-55,Female,Jewelry,Accessories,116.97,Illinois,N/A,Gray,Summer,4,No,Debit Card,Standard,No,No,6,Annually
1594,46-55,Female,Casual Shoes,Footwear,155.81,Illinois,M,Black,Winter,5,No,Cash,Standard,No,Yes,7,Quarterly
1595,65+,Female,Sandals,Footwear,172.51,Illinois,L,Green,Fall,4,Yes,Credit Card,Express,No,No,2,Bi-Weekly
1596,18-25,Female,Camping Gear,Sports & Outdoors,116.47,Texas,N/A,N/A,Fall,5,No,Bank Transfer,Free Shipping,Yes,No,5,Annually
1597,46-55,Female,Bike,Sports & Outdoors,268.87,Georgia,N/A,N/A,Spring,5,Yes,Debit Card,Next Day Delivery,Yes,No,6,Monthly
1598,36-45,Male,Magazine,Books & Media,29.54,Georgia,N/A,N/A,Winter,4,No,Cash,Express,No,No,2,Quarterly
1599,36-45,Male,Skincare,Beauty & Personal Care,68.06,New Jersey,N/A,N/A,Spring,5,No,PayPal,Next Day Delivery,No,No,6,Weekly
1600,26-35,Male,Puzzle,Toys & Games,24.63,Illinois,N/A,N/A,Fall,5,No,Debit Card,Free Shipping,No,Yes,3,Quarterly
1601,18-25,Male,Running Shoes,Footwear,136.72,Michigan,S,Green,Fall,5,No,Bank Transfer,Free Shipping,Yes,No,8,Quarterly
1602,18-25,Male,Garden Tools,Home & Garden,80.92,Virginia,N/A,N/A,Winter,3,No,Cash,Free Shipping,No,No,6,Annually
1603,26-35,Female,Skincare,Beauty & Personal Care,52.77,Texas,N/A,N/A,Winter,4,Yes,Cash,Express,No,No,4,Weekly
1604,56-65,Female,Kitchenware,Home & Garden,289.7,Florida,N/A,N/A,Winter,4,No,Bank Transfer,Free Shipping,No,No,9,Monthly
1605,26-35,Female,Hair Care,Beauty & Personal Care,45.36,Pennsylvania,N/A,N/A,Fall,5,No,Credit Card,Next Day Delivery,No,No,5,Annually
1606,56-65,Male,Video Game,Toys & Games,25.27,New York,N/A,N/A,Winter,5,No,PayPal,Free Shipping,No,No,3,Monthly
1607,46-55,Male,Boots,Footwear,119.6,Ohio,M,Black,Fall,4,No,PayPal,Express,Yes,No,4,Weekly
1608,46-55,Male,Fragrance,Beauty & Personal Care,60.34,Ohio,N/A,N/A,Summer,5,No,Credit Card,Express,No,No,8,Bi-Weekly
1609,56-65,Male,Board Game,Toys & Games,17.07,Michigan,N/A,N/A,Winter,4,No,Credit Card,Next Day Delivery,No,No,9,Annually
1610,26-35,Male,Running Shoes,Footwear,86.87,New Jersey,L,Gray,Spring,5,No,Debit Card,Standard,No,No,5,Annually
1611,65+,Female,Makeup,Beauty & Personal Care,40.03,Florida,N/A,N/A,Winter,4,No,Debit Card,Express,No,Yes,2,Bi-Weekly
1612,46-55,Female,Sunglasses,Accessories,123.4,Florida,N/A,Blue,Spring,4,Yes,Credit Card,Express,No,No,8,Annually
1613,46-55,Female,Magazine,Books & Media,35.83,New Jersey,N/A,N/A,Winter,5,No,Cash,Express,Yes,No,5,Quarterly
1614,56-65,Male,Smartwatch,Electronics,664.59,Pennsylvania,N/A,N/A,Summer,4,Yes,Cash,Free Shipping,No,No,7,Weekly
1615,18-25,Female,Jeans,Clothing,42.89,New Jersey,L,Brown,Winter,4,No,PayPal,Standard,No,No,6,Quarterly
1616,36-45,Female,Board Game,Toys & Games,46.92,Virginia,N/A,N/A,Spring,5,No,PayPal,Free Shipping,No,Yes,8,Weekly
1617,36-45,Female,Skincare,Beauty & Personal Care,35.46,Pennsylvania,N/A,N/A,Winter,3,No,Bank Transfer,Free Shipping,No,Yes,6,Quarterly
1618,18-25,Male,Laptop,Electronics,537.37,Illinois,N/A,N/A,Spring,5,No,Cash,Next Day Delivery,No,No,8,Quarterly
1619,65+,Male,Camping Gear,Sports & Outdoors,64.27,New York,N/A,N/A,Winter,5,Yes,Cash,Next Day Delivery,No,No,3,Weekly
1620,36-45,Male,Tablet,Electronics,10.0,Virginia,N/A,N/A,Winter,4,Yes,Cash,Next Day Delivery,No,No,5,Monthly
1621,36-45,Female,DVD,Books & Media,32.16,Georgia,N/A,N/A,Fall,4,No,Bank Transfer,Next Day Delivery,No,No,8,Annually
1622,18-25,Female,Boots,Footwear,177.79,North Carolina,M,Black,Summer,5,No,Debit Card,Next Day Delivery,No,No,7,Monthly
1623,36-45,Other,Running Shoes,Footwear,51.18,New Jersey,M,Red,Winter,5,No,Debit Card,Express,No,No,8,Bi-Weekly
1624,26-35,Male,Bedding,Home & Garden,118.49,Illinois,N/A,N/A,Summer,5,No,Credit Card,Express,No,Yes,8,Annually
1625,36-45,Male,Running Shoes,Footwear,121.88,California,M,Blue,Winter,5,No,PayPal,Express,No,Yes,6,Monthly
1626,65+,Female,Running Shoes,Footwear,102.79,North Carolina,M,Green,Fall,5,No,PayPal,Free Shipping,Yes,No,6,Bi-Weekly
1627,56-65,Female,Magazine,Books & Media,25.49,Georgia,N/A,N/A,Winter,4,No,Credit Card,Standard,Yes,No,9,Monthly
1628,26-35,Female,Kitchenware,Home & Garden,132.74,New York,N/A,N/A,Summer,5,No,Debit Card,Standard,No,No,7,Bi-Weekly
1629,36-45,Male,Music Album,Books & Media,25.4,Michigan,N/A,N/A,Spring,3,No,Bank Transfer,Express,Yes,No,7,Bi-Weekly
1630,36-45,Male,Jacket,Clothing,37.72,New Jersey,XS,Blue,Spring,5,No,Debit Card,Standard,No,No,5,Weekly
1631,46-55,Female,Action Figure,Toys & Games,49.8,New York,N/A,N/A,Fall,4,No,Cash,Express,Yes,No,8,Bi-Weekly
1632,65+,Male,Magazine,Books & Media,34.13,California,N/A,N/A,Fall,4,Yes,Bank Transfer,Next Day Delivery,Yes,Yes,6,Weekly
1633,65+,Female,Wallet,Accessories,104.68,Texas,N/A,White,Fall,5,No,Credit Card,Express,No,No,2,Bi-Weekly
1634,26-35,Male,Music Album,Books & Media,25.23,Texas,N/A,N/A,Spring,4,Yes,Debit Card,Standard,No,No,5,Bi-Weekly
1635,46-55,Male,Tablet,Electronics,372.44,Texas,N/A,N/A,Winter,5,No,Cash,Standard,No,No,6,Annually
1636,56-65,Male,Belt,Accessories,56.58,Georgia,N/A,Blue,Spring,5,Yes,Bank Transfer,Free Shipping,No,No,5,Weekly
1637,65+,Female,Magazine,Books & Media,29.07,Michigan,N/A,N/A,Winter,3,No,Credit Card,Next Day Delivery,No,No,8,Quarterly
1638,56-65,Female,Bedding,Home & Garden,131.04,New Jersey,N/A,N/A,Summer,5,No,Debit Card,Free Shipping,No,No,5,Annually
1639,36-45,Female,Decor,Home & Garden,275.85,North Carolina,N/A,N/A,Summer,3,Yes,Debit Card,Next Day Delivery,No,No,8,Annually
1640,56-65,Female,Bedding,Home & Garden,273.62,Texas,N/A,N/A,Summer,4,Yes,PayPal,Standard,No,No,7,Monthly
1641,56-65,Male,Music Album,Books & Media,34.64,Florida,N/A,N/A,Summer,5,No,Credit Card,Free Shipping,No,No,9,Monthly
1642,18-25,Female,DVD,Books & Media,23.57,New Jersey,N/A,N/A,Summer,5,No,Cash,Standard,Yes,No,5,Bi-Weekly
1643,26-35,Female,Garden Tools,Home & Garden,178.16,Illinois,N/A,N/A,Fall,4,Yes,Bank Transfer,Free Shipping,No,Yes,7,Weekly
1644,65+,Male,Garden Tools,Home & Garden,98.47,New York,N/A,N/A,Summer,4,No,Debit Card,Express,No,No,4,Bi-Weekly
1645,46-55,Male,Boots,Footwear,104.27,Michigan,S,Blue,Winter,4,No,Bank Transfer,Free Shipping,No,Yes,5,Monthly
1646,26-35,Female,Bedding,Home & Garden,168.53,Illinois,N/A,N/A,Fall,5,No,Cash,Next Day Delivery,No,Yes,6,Monthly
1647,65+,Female,Sports Apparel,Sports & Outdoors,204.12,Georgia,N/A,N/A,Fall,5,No,PayPal,Free Shipping,Yes,Yes,10,Quarterly
1648,18-25,Female,Skincare,Beauty & Personal Care,35.42,Ohio,N/A,N/A,Fall,5,No,Cash,Free Shipping,Yes,No,7,Monthly
1649,18-25,Female,Handbag,Accessories,119.52,New Jersey,N/A,Gray,Fall,5,Yes,Debit Card,Next Day Delivery,No,No,6,Weekly
1650,36-45,Female,Fragrance,Beauty & Personal Care,32.1,Pennsylvania,N/A,N/A,Summer,4,No,Cash,Free Shipping,No,No,5,Monthly
1651,18-25,Female,Laptop,Electronics,495.47,Florida,N/A,N/A,Fall,4,No,PayPal,Free Shipping,No,No,7,Weekly
1652,65+,Female,Fragrance,Beauty & Personal Care,65.63,New York,N/A,N/A,Fall,4,No,Bank Transfer,Free Shipping,No,No,4,Weekly
1653,18-25,Female,Jeans,Clothing,66.56,Pennsylvania,M,Green,Fall,5,No,PayPal,Next Day Delivery,No,Yes,3,Weekly
1654,46-55,Male,Casual Shoes,Footwear,114.07,Texas,M,Brown,Winter,3,No,Cash,Express,Yes,No,8,Annually
1655,36-45,Male,Belt,Accessories,35.81,Texas,N/A,Red,Summer,5,Yes,Debit Card,Next Day Delivery,No,No,8,Annually
1656,56-65,Female,Furniture,Home & Garden,210.04,Florida,N/A,N/A,Spring,4,No,Debit Card,Next Day Delivery,No,No,2,Quarterly
1657,65+,Male,Handbag,Accessories,115.13,Pennsylvania,N/A,Red,Summer,3,No,PayPal,Next Day Delivery,No,No,4,Monthly
1658,26-35,Female,Decor,Home & Garden,170.67,Michigan,N/A,N/A,Spring,4,No,Cash,Standard,No,No,6,Quarterly
1659,46-55,Female,Fragrance,Beauty & Personal Care,63.54,California,N/A,N/A,Spring,4,No,Bank Transfer,Next Day Delivery,No,Yes,3,Weekly
1660,56-65,Female,Skincare,Beauty & Personal Care,30.86,North Carolina,N/A,N/A,Fall,3,No,Bank Transfer,Free Shipping,No,No,9,Monthly
1661,56-65,Female,Fitness Equipment,Sports & Outdoors,168.25,Virginia,N/A,N/A,Spring,5,No,Bank Transfer,Standard,No,Yes,6,Annually
1662,18-25,Female,Action Figure,Toys & Games,27.32,North Carolina,N/A,N/A,Spring,5,No,Bank Transfer,Free Shipping,Yes,No,7,Annually
1663,65+,Female,Watch,Accessories,101.68,New Jersey,N/A,Red,Fall,4,No,PayPal,Free Shipping,No,No,4,Bi-Weekly
1664,65+,Male,Fitness Equipment,Sports & Outdoors,274.93,Florida,N/A,N/A,Fall,4,No,PayPal,Free Shipping,No,No,8,Weekly
1665,46-55,Female,Furniture,Home & Garden,50.51,Michigan,N/A,N/A,Winter,5,Yes,Credit Card,Standard,No,No,9,Bi-Weekly
1666,36-45,Female,Makeup,Beauty & Personal Care,57.74,Illinois,N/A,N/A,Summer,5,No,Bank Transfer,Next Day Delivery,Yes,No,4,Annually
1667,46-55,Male,Belt,Accessories,97.81,Pennsylvania,N/A,Gray,Summer,5,No,Cash,Express,No,No,4,Bi-Weekly
1668,36-45,Female,Sneakers,Footwear,46.15,California,XL,Green,Spring,5,Yes,Cash,Next Day Delivery,No,No,6,Weekly
1669,36-45,Female,Camping Gear,Sports & Outdoors,30.53,New Jersey,N/A,N/A,Summer,5,No,Cash,Next Day Delivery,No,No,5,Bi-Weekly
1670,46-55,Other,Kitchenware,Home & Garden,191.05,New York,N/A,N/A,Fall,4,Yes,Credit Card,Express,No,Yes,7,Quarterly
1671,18-25,Male,Skincare,Beauty & Personal Care,58.69,Georgia,N/A,N/A,Summer,5,No,PayPal,Standard,No,No,7,Quarterly
1672,46-55,Female,Makeup,Beauty & Personal Care,48.24,New York,N/A,N/A,Winter,5,No,Bank Transfer,Standard,Yes,No,6,Weekly
1673,26-35,Female,Board Game,Toys & Games,48.86,Florida,N/A,N/A,Summer,4,No,Credit Card,Free Shipping,No,No,7,Annually
1674,36-45,Male,Bike,Sports & Outdoors,76.97,New York,N/A,N/A,Summer,5,Yes,Credit Card,Next Day Delivery,No,Yes,7,Quarterly
1675,36-45,Female,Board Game,Toys & Games,10.0,Georgia,N/A,N/A,Spring,5,No,Credit Card,Free Shipping,No,No,7,Quarterly
1676,46-55,Female,Headphones,Electronics,38.55,Pennsylvania,N/A,N/A,Fall,3,No,Credit Card,Free Shipping,No,No,7,Monthly
1677,26-35,Male,Camera,Electronics,364.66,New Jersey,N/A,N/A,Winter,4,No,PayPal,Standard,No,No,5,Monthly
1678,65+,Male,Fitness Equipment,Sports & Outdoors,157.82,Florida,N/A,N/A,Summer,5,Yes,Cash,Standard,No,No,4,Bi-Weekly
1679,56-65,Female,Boots,Footwear,123.8,Virginia,L,Brown,Spring,4,No,Credit Card,Express,No,No,6,Monthly
1680,36-45,Male,Makeup,Beauty & Personal Care,49.74,Ohio,N/A,N/A,Summer,4,No,Cash,Express,Yes,No,5,Bi-Weekly
1681,36-45,Male,Laptop,Electronics,668.56,California,N/A,N/A,Winter,4,No,Cash,Next Day Delivery,No,No,7,Quarterly
1682,65+,Female,Sports Apparel,Sports & Outdoors,93.77,Michigan,N/A,N/A,Fall,5,No,Credit Card,Standard,Yes,No,2,Monthly
1683,18-25,Female,Novel,Books & Media,24.01,Virginia,N/A,N/A,Summer,5,Yes,PayPal,Standard,No,No,4,Annually
1684,46-55,Female,Action Figure,Toys & Games,42.23,Florida,N/A,N/A,Spring,4,No,Credit Card,Next Day Delivery,Yes,No,7,Bi-Weekly
1685,18-25,Female,Skincare,Beauty & Personal Care,44.93,Texas,N/A,N/A,Winter,5,Yes,PayPal,Free Shipping,No,Yes,9,Annually
1686,46-55,Male,Running Shoes,Footwear,145.29,New Jersey,XS,Blue,Winter,5,No,PayPal,Next Day Delivery,No,Yes,2,Bi-Weekly
1687,36-45,Female,Puzzle,Toys & Games,35.94,Michigan,N/A,N/A,Spring,5,No,PayPal,Free Shipping,No,Yes,6,Annually
1688,26-35,Female,Boots,Footwear,103.31,North Carolina,S,Brown,Summer,5,No,Cash,Standard,No,Yes,3,Weekly
1689,65+,Female,Hair Care,Beauty & Personal Care,70.82,Michigan,N/A,N/A,Spring,5,No,Cash,Express,No,No,4,Monthly
1690,26-35,Female,Decor,Home & Garden,302.14,Virginia,N/A,N/A,Winter,5,No,Bank Transfer,Next Day Delivery,No,No,6,Bi-Weekly
1691,36-45,Female,Hair Care,Beauty & Personal Care,20.84,New Jersey,N/A,N/A,Summer,5,No,Bank Transfer,Standard,No,No,5,Quarterly
1692,65+,Female,Blouse,Clothing,30.31,New York,S,Black,Summer,4,No,Credit Card,Express,No,No,6,Bi-Weekly
1693,46-55,Female,Fitness Equipment,Sports & Outdoors,31.45,Michigan,N/A,N/A,Winter,5,No,PayPal,Next Day Delivery,No,No,5,Bi-Weekly
1694,65+,Female,Fragrance,Beauty & Personal Care,73.07,New York,N/A,N/A,Winter,5,No,Bank Transfer,Next Day Delivery,No,No,8,Annually
1695,46-55,Female,Camera,Electronics,340.67,Illinois,N/A,N/A,Fall,4,No,Debit Card,Express,No,No,4,Monthly
1696,36-45,Male,Music Album,Books & Media,15.03,New Jersey,N/A,N/A,Spring,5,No,Debit Card,Next Day Delivery,Yes,No,3,Weekly
1697,36-45,Male,Skincare,Beauty & Personal Care,58.49,North Carolina,N/A,N/A,Summer,4,No,Credit Card,Express,Yes,No,5,Quarterly
1698,18-25,Other,Smartwatch,Electronics,221.38,Virginia,N/A,N/A,Fall,4,No,Cash,Next Day Delivery,No,No,5,Monthly
1699,46-55,Female,Skincare,Beauty & Personal Care,37.31,North Carolina,N/A,N/A,Summer,5,Yes,PayPal,Express,No,Yes,6,Bi-Weekly
1700,65+,Male,Watch,Accessories,49.59,New York,N/A,Gray,Fall,5,No,Bank Transfer,Express,No,No,12,Annually
1701,56-65,Female,Board Game,Toys & Games,57.56,North Carolina,N/A,N/A,Fall,5,No,Bank Transfer,Express,No,No,5,Annually
1702,26-35,Female,Camping Gear,Sports & Outdoors,10.0,Texas,N/A,N/A,Summer,5,No,Bank Transfer,Express,No,No,4,Bi-Weekly
1703,56-65,Male,Makeup,Beauty & Personal Care,45.03,Illinois,N/A,N/A,Spring,4,No,PayPal,Next Day Delivery,No,No,5,Quarterly
1704,56-65,Male,Fragrance,Beauty & Personal Care,52.04,Georgia,N/A,N/A,Fall,5,No,Cash,Next Day Delivery,No,No,7,Weekly
1705,18-25,Female,Garden Tools,Home & Garden,231.33,New Jersey,N/A,N/A,Fall,4,No,Cash,Standard,Yes,No,7,Weekly
1706,46-55,Male,Boots,Footwear,76.46,Georgia,S,Brown,Summer,5,No,PayPal,Express,No,No,3,Quarterly
1707,46-55,Male,Handbag,Accessories,60.56,Pennsylvania,N/A,Black,Summer,4,No,Debit Card,Express,No,No,4,Quarterly
1708,18-25,Female,Boots,Footwear,13.83,Georgia,S,Gray,Fall,5,No,Debit Card,Standard,Yes,No,5,Weekly
1709,56-65,Female,Garden Tools,Home & Garden,265.49,Texas,N/A,N/A,Winter,4,No,Cash,Free Shipping,No,No,1,Monthly
1710,18-25,Female,Video Game,Toys & Games,19.61,Florida,N/A,N/A,Spring,4,Yes,Debit Card,Next Day Delivery,No,No,5,Weekly
1711,46-55,Male,Furniture,Home & Garden,132.74,New Jersey,N/A,N/A,Winter,5,No,PayPal,Express,No,No,6,Quarterly
1712,36-45,Male,Belt,Accessories,168.04,Texas,N/A,Black,Fall,5,No,Cash,Free Shipping,No,No,7,Quarterly
1713,46-55,Female,Jeans,Clothing,58.05,Texas,M,Brown,Fall,5,No,Debit Card,Next Day Delivery,Yes,No,6,Quarterly
1714,65+,Female,Decor,Home & Garden,200.33,Texas,N/A,N/A,Spring,5,No,Credit Card,Free Shipping,No,No,4,Bi-Weekly
1715,56-65,Female,Magazine,Books & Media,25.32,Michigan,N/A,N/A,Winter,5,No,Debit Card,Standard,No,Yes,3,Quarterly
1716,56-65,Male,Fragrance,Beauty & Personal Care,66.75,California,N/A,N/A,Spring,5,No,Bank Transfer,Standard,No,No,7,Annually
1717,18-25,Male,Laptop,Electronics,498.62,Pennsylvania,N/A,N/A,Winter,5,Yes,PayPal,Standard,No,No,4,Monthly
1718,65+,Female,Music Album,Books & Media,34.56,Michigan,N/A,N/A,Spring,5,Yes,PayPal,Free Shipping,No,No,10,Weekly
1719,26-35,Female,Sneakers,Footwear,175.82,New Jersey,M,Black,Fall,3,No,PayPal,Standard,Yes,No,7,Quarterly
1720,36-45,Male,Sports Apparel,Sports & Outdoors,167.82,Pennsylvania,N/A,N/A,Summer,4,No,Debit Card,Free Shipping,No,No,3,Weekly
1721,36-45,Male,DVD,Books & Media,27.1,Florida,N/A,N/A,Summer,4,No,Bank Transfer,Next Day Delivery,No,No,6,Quarterly
1722,36-45,Other,Heels,Footwear,88.38,Texas,M,Blue,Summer,5,No,Debit Card,Next Day Delivery,No,No,8,Weekly
1723,65+,Female,Camera,Electronics,356.9,Ohio,N/A,N/A,Fall,5,No,Bank Transfer,Free Shipping,No,No,8,Bi-Weekly
1724,46-55,Male,Sunglasses,Accessories,112.52,Virginia,N/A,Red,Fall,5,Yes,Debit Card,Free Shipping,No,No,5,Monthly
1725,26-35,Female,Sandals,Footwear,216.2,California,XS,White,Fall,5,Yes,Bank Transfer,Next Day Delivery,No,Yes,6,Annually
1726,56-65,Female,Heels,Footwear,116.52,Michigan,XS,White,Spring,4,No,Credit Card,Free Shipping,Yes,Yes,4,Monthly
1727,26-35,Female,Sports Apparel,Sports & Outdoors,180.94,Ohio,N/A,N/A,Summer,4,Yes,PayPal,Standard,Yes,No,7,Monthly
1728,56-65,Female,Headphones,Electronics,326.63,New York,N/A,N/A,Winter,4,No,Credit Card,Express,No,No,6,Annually
1729,26-35,Male,Furniture,Home & Garden,34.35,Georgia,N/A,N/A,Summer,5,No,Cash,Express,Yes,No,9,Bi-Weekly
1730,46-55,Male,Handbag,Accessories,91.62,California,N/A,Blue,Summer,4,No,Credit Card,Free Shipping,No,No,8,Quarterly
1731,46-55,Female,Action Figure,Toys & Games,62.74,Ohio,N/A,N/A,Summer,3,No,Bank Transfer,Free Shipping,No,No,3,Annually
1732,46-55,Male,Decor,Home & Garden,236.96,Illinois,N/A,N/A,Winter,5,Yes,Debit Card,Next Day Delivery,Yes,No,5,Bi-Weekly
1733,36-45,Male,Puzzle,Toys & Games,33.5,Texas,N/A,N/A,Summer,5,No,Debit Card,Express,No,Yes,4,Annually
1734,56-65,Male,Sneakers,Footwear,174.25,North Carolina,L,Green,Fall,4,No,Credit Card,Express,No,No,4,Monthly
1735,65+,Female,Action Figure,Toys & Games,16.33,Georgia,N/A,N/A,Fall,4,No,Bank Transfer,Standard,No,Yes,3,Quarterly
1736,56-65,Male,Music Album,Books & Media,25.8,Michigan,N/A,N/A,Winter,5,No,Credit Card,Express,No,No,9,Weekly
1737,56-65,Female,Novel,Books & Media,24.65,Pennsylvania,N/A,N/A,Winter,5,No,Cash,Standard,No,Yes,4,Monthly
1738,18-25,Male,Garden Tools,Home & Garden,127.31,Illinois,N/A,N/A,Spring,5,Yes,Bank Transfer,Free Shipping,No,No,10,Quarterly
1739,65+,Female,Heels,Footwear,128.1,New York,L,Blue,Fall,4,Yes,Debit Card,Express,No,No,7,Annually
1740,56-65,Other,Makeup,Beauty & Personal Care,39.37,North Carolina,N/A,N/A,Fall,4,No,Credit Card,Standard,Yes,No,5,Monthly
1741,56-65,Male,Smartphone,Electronics,406.01,Michigan,N/A,N/A,Spring,5,Yes,Bank Transfer,Free Shipping,No,No,6,Bi-Weekly
1742,65+,Female,Handbag,Accessories,40.18,Michigan,N/A,Brown,Summer,5,No,Cash,Standard,Yes,Yes,5,Quarterly
1743,65+,Female,Headphones,Electronics,716.79,Texas,N/A,N/A,Spring,5,No,PayPal,Free Shipping,No,No,10,Quarterly
1744,46-55,Male,Magazine,Books & Media,10.0,Pennsylvania,N/A,N/A,Summer,5,Yes,Credit Card,Next Day Delivery,Yes,No,6,Monthly
1745,26-35,Male,Hair Care,Beauty & Personal Care,28.28,Georgia,N/A,N/A,Spring,4,No,Cash,Next Day Delivery,No,Yes,6,Quarterly
1746,26-35,Female,Sunglasses,Accessories,25.59,New Jersey,N/A,Gray,Spring,5,Yes,Debit Card,Free Shipping,Yes,No,4,Weekly
1747,56-65,Other,Furniture,Home & Garden,125.3,Michigan,N/A,N/A,Spring,5,No,Bank Transfer,Standard,No,No,7,Monthly
1748,18-25,Female,Sneakers,Footwear,74.43,North Carolina,XS,Black,Fall,5,No,PayPal,Next Day Delivery,Yes,No,5,Weekly
1749,56-65,Female,Fitness Equipment,Sports & Outdoors,141.06,Florida,N/A,N/A,Summer,5,No,Bank Transfer,Free Shipping,No,Yes,5,Bi-Weekly
1750,56-65,Male,Sunglasses,Accessories,79.73,Texas,N/A,Brown,Summer,4,No,Bank Transfer,Next Day Delivery,No,No,8,Annually
1751,26-35,Female,Magazine,Books & Media,27.14,North Carolina,N/A,N/A,Summer,4,No,PayPal,Standard,No,No,6,Annually
1752,18-25,Male,Board Game,Toys & Games,54.52,Illinois,N/A,N/A,Fall,5,No,Credit Card,Next Day Delivery,No,No,8,Bi-Weekly
1753,56-65,Female,Action Figure,Toys & Games,54.28,Texas,N/A,N/A,Winter,5,Yes,Cash,Express,Yes,No,7,Annually
1754,36-45,Female,Music Album,Books & Media,35.98,Georgia,N/A,N/A,Spring,5,No,Bank Transfer,Standard,Yes,No,5,Monthly
1755,26-35,Male,Camping Gear,Sports & Outdoors,119.59,New York,N/A,N/A,Winter,3,No,Cash,Free Shipping,No,No,8,Weekly
1756,36-45,Male,Jacket,Clothing,106.16,New Jersey,XL,Black,Spring,5,No,Debit Card,Free Shipping,No,No,6,Annually
1757,65+,Female,Sunglasses,Accessories,133.21,Pennsylvania,N/A,White,Winter,5,Yes,Cash,Next Day Delivery,No,No,6,Quarterly
1758,46-55,Male,Fragrance,Beauty & Personal Care,38.0,Texas,N/A,N/A,Winter,5,No,Credit Card,Free Shipping,No,No,7,Weekly
1759,36-45,Male,Video Game,Toys & Games,30.61,Michigan,N/A,N/A,Winter,5,No,Debit Card,Free Shipping,No,Yes,4,Monthly
1760,65+,Female,Sweater,Clothing,95.13,California,S,Black,Fall,5,Yes,Bank Transfer,Express,No,No,5,Monthly
1761,65+,Female,Sweater,Clothing,73.63,California,XS,Blue,Winter,5,No,Cash,Next Day Delivery,No,No,6,Annually
1762,18-25,Female,Makeup,Beauty & Personal Care,65.89,North Carolina,N/A,N/A,Fall,5,No,Credit Card,Express,No,No,6,Weekly
1763,46-55,Female,Boots,Footwear,191.18,Virginia,M,Black,Summer,4,No,PayPal,Express,No,No,5,Annually
1764,65+,Female,Shirt,Clothing,110.63,Ohio,S,Gray,Spring,4,No,Debit Card,Standard,Yes,Yes,7,Bi-Weekly
1765,65+,Male,Camping Gear,Sports & Outdoors,143.85,Ohio,N/A,N/A,Summer,5,No,Debit Card,Free Shipping,No,Yes,9,Weekly
1766,26-35,Male,Running Shoes,Footwear,135.56,New York,XL,Gray,Fall,5,No,PayPal,Next Day Delivery,No,Yes,2,Bi-Weekly
1767,65+,Male,Bedding,Home & Garden,177.74,Virginia,N/A,N/A,Spring,4,No,PayPal,Free Shipping,No,Yes,6,Quarterly
1768,36-45,Male,Jewelry,Accessories,117.87,Illinois,N/A,Green,Spring,5,No,PayPal,Standard,Yes,No,4,Quarterly
1769,26-35,Female,Watch,Accessories,45.55,New Jersey,N/A,Black,Spring,5,Yes,Cash,Free Shipping,No,Yes,6,Weekly
1770,26-35,Female,Puzzle,Toys & Games,29.83,Florida,N/A,N/A,Fall,5,Yes,PayPal,Next Day Delivery,No,No,8,Annually
1771,36-45,Male,Garden Tools,Home & Garden,120.9,Illinois,N/A,N/A,Spring,5,No,Credit Card,Free Shipping,No,No,4,Bi-Weekly
1772,18-25,Female,Video Game,Toys & Games,23.45,New York,N/A,N/A,Summer,5,Yes,Bank Transfer,Standard,No,No,2,Quarterly
1773,46-55,Male,Smartphone,Electronics,411.1,New York,N/A,N/A,Spring,4,No,PayPal,Express,No,No,5,Weekly
1774,65+,Male,Laptop,Electronics,448.58,Ohio,N/A,N/A,Fall,5,No,PayPal,Express,No,No,3,Quarterly
1775,56-65,Female,Jeans,Clothing,97.54,North Carolina,S,Brown,Summer,5,No,Debit Card,Standard,No,No,6,Annually
1776,18-25,Female,Sandals,Footwear,134.75,Illinois,S,Blue,Winter,3,No,Cash,Standard,No,No,7,Quarterly
1777,46-55,Male,Sandals,Footwear,74.2,North Carolina,XS,White,Summer,4,Yes,Cash,Next Day Delivery,No,No,10,Quarterly
1778,18-25,Male,Novel,Books & Media,24.48,New York,N/A,N/A,Fall,5,Yes,Bank Transfer,Express,Yes,No,6,Bi-Weekly
1779,56-65,Female,Fitness Equipment,Sports & Outdoors,84.78,Texas,N/A,N/A,Spring,5,No,PayPal,Standard,No,No,4,Annually
1780,65+,Female,Casual Shoes,Footwear,131.12,Pennsylvania,M,Black,Summer,4,Yes,Credit Card,Express,No,Yes,6,Weekly
1781,46-55,Male,Sweater,Clothing,124.01,California,L,Brown,Spring,5,No,Cash,Standard,No,No,4,Annually
1782,56-65,Female,Smartphone,Electronics,602.68,New Jersey,N/A,N/A,Winter,4,No,Bank Transfer,Free Shipping,Yes,Yes,8,Monthly
1783,65+,Male,Fragrance,Beauty & Personal Care,45.36,Virginia,N/A,N/A,Summer,5,No,PayPal,Next Day Delivery,No,No,8,Monthly
1784,65+,Female,Music Album,Books & Media,29.85,Florida,N/A,N/A,Winter,5,No,Bank Transfer,Next Day Delivery,No,No,4,Bi-Weekly
1785,26-35,Male,Kitchenware,Home & Garden,371.32,Ohio,N/A,N/A,Fall,5,No,Cash,Next Day Delivery,Yes,No,6,Weekly
1786,46-55,Other,Kitchenware,Home & Garden,251.68,California,N/A,N/A,Winter,3,No,PayPal,Express,No,No,5,Quarterly
1787,26-35,Male,Camping Gear,Sports & Outdoors,174.73,Ohio,N/A,N/A,Winter,5,Yes,PayPal,Free Shipping,No,No,4,Quarterly
1788,46-55,Female,Fragrance,Beauty & Personal Care,10.0,Pennsylvania,N/A,N/A,Fall,5,Yes,Debit Card,Free Shipping,No,Yes,6,Bi-Weekly
1789,65+,Male,Action Figure,Toys & Games,39.64,New York,N/A,N/A,Summer,5,No,Cash,Express,No,No,6,Annually
1790,36-45,Other,Music Album,Books & Media,25.62,Pennsylvania,N/A,N/A,Fall,4,No,Cash,Free Shipping,Yes,Yes,12,Bi-Weekly
1791,46-55,Female,Smartwatch,Electronics,417.59,New Jersey,N/A,N/A,Winter,3,Yes,Debit Card,Free Shipping,No,No,7,Weekly
1792,26-35,Male,Sunglasses,Accessories,126.42,North Carolina,N/A,White,Winter,5,Yes,Bank Transfer,Free Shipping,Yes,Yes,3,Bi-Weekly
1793,46-55,Female,Jeans,Clothing,80.98,New York,L,Green,Summer,4,No,Debit Card,Express,No,Yes,4,Quarterly
1794,56-65,Female,Handbag,Accessories,56.17,Ohio,N/A,Blue,Winter,5,No,Cash,Express,No,No,9,Quarterly
1795,36-45,Male,Board Game,Toys & Games,32.95,New Jersey,N/A,N/A,Spring,3,Yes,Credit Card,Standard,No,No,5,Weekly
1796,18-25,Female,Dress,Clothing,113.43,Texas,M,Blue,Summer,5,No,Cash,Express,No,No,4,Monthly
1797,18-25,Female,Sports Apparel,Sports & Outdoors,157.73,Michigan,N/A,N/A,Winter,5,No,PayPal,Next Day Delivery,No,No,4,Bi-Weekly
1798,36-45,Male,Furniture,Home & Garden,152.33,North Carolina,N/A,N/A,Summer,5,Yes,Cash,Express,No,Yes,9,Quarterly
1799,18-25,Female,Video Game,Toys & Games,46.36,Florida,N/A,N/A,Winter,4,Yes,Debit Card,Express,No,Yes,6,Weekly
1800,65+,Male,Heels,Footwear,140.9,Texas,XS,White,Winter,5,No,PayPal,Free Shipping,Yes,No,6,Quarterly
1801,26-35,Female,Sweater,Clothing,97.12,Virginia,M,Red,Summer,5,Yes,PayPal,Standard,No,No,8,Quarterly
1802,65+,Male,Sports Apparel,Sports & Outdoors,75.7,Texas,N/A,N/A,Fall,5,Yes,Credit Card,Express,No,No,4,Bi-Weekly
1803,56-65,Female,Bedding,Home & Garden,145.78,Florida,N/A,N/A,Spring,5,Yes,Cash,Next Day Delivery,No,No,6,Monthly
1804,65+,Female,Headphones,Electronics,105.21,Michigan,N/A,N/A,Winter,5,No,Credit Card,Free Shipping,No,No,10,Bi-Weekly
1805,36-45,Male,Kitchenware,Home & Garden,243.74,North Carolina,N/A,N/A,Fall,5,No,Bank Transfer,Standard,No,No,10,Quarterly
1806,36-45,Male,Sneakers,Footwear,144.91,New Jersey,S,Gray,Fall,5,Yes,Debit Card,Free Shipping,No,No,9,Quarterly
1807,36-45,Male,Dress,Clothing,67.59,Virginia,L,Gray,Spring,5,No,Debit Card,Standard,No,No,3,Bi-Weekly
1808,56-65,Female,Jeans,Clothing,28.19,Michigan,XS,Blue,Winter,4,No,Cash,Free Shipping,No,No,7,Quarterly
1809,46-55,Female,Jeans,Clothing,66.36,New Jersey,M,Gray,Winter,5,No,Debit Card,Next Day Delivery,No,No,5,Annually
1810,46-55,Female,Hair Care,Beauty & Personal Care,72.66,Florida,N/A,N/A,Fall,5,No,Debit Card,Express,No,Yes,9,Quarterly
1811,36-45,Female,Furniture,Home & Garden,105.16,Georgia,N/A,N/A,Spring,5,No,Debit Card,Standard,Yes,Yes,5,Weekly
1812,26-35,Female,Laptop,Electronics,738.84,Texas,N/A,N/A,Summer,5,No,Debit Card,Standard,Yes,No,7,Bi-Weekly
1813,56-65,Male,Watch,Accessories,108.5,Texas,N/A,Black,Spring,5,No,Debit Card,Standard,Yes,No,3,Bi-Weekly
1814,56-65,Male,DVD,Books & Media,28.77,New Jersey,N/A,N/A,Spring,5,No,Bank Transfer,Standard,No,No,7,Weekly
1815,65+,Female,Boots,Footwear,273.57,Virginia,XS,White,Spring,5,No,Credit Card,Standard,No,No,8,Quarterly
1816,65+,Male,Handbag,Accessories,10.0,California,N/A,Gray,Spring,4,No,PayPal,Next Day Delivery,Yes,No,4,Annually
1817,26-35,Female,Magazine,Books & Media,38.68,Virginia,N/A,N/A,Winter,5,No,Bank Transfer,Express,No,No,5,Quarterly
1818,36-45,Female,Jacket,Clothing,67.19,Florida,XL,Black,Spring,4,No,Cash,Express,Yes,No,6,Monthly
1819,26-35,Male,Action Figure,Toys & Games,19.94,Virginia,N/A,N/A,Spring,5,Yes,Credit Card,Express,No,No,7,Bi-Weekly
1820,36-45,Female,Handbag,Accessories,63.37,Ohio,N/A,Gray,Fall,4,No,Bank Transfer,Free Shipping,No,No,9,Annually
1821,65+,Female,Kitchenware,Home & Garden,35.54,Ohio,N/A,N/A,Fall,3,No,Debit Card,Express,Yes,No,5,Annually
1822,18-25,Female,Decor,Home & Garden,158.41,Florida,N/A,N/A,Spring,5,No,Credit Card,Standard,No,Yes,8,Quarterly
1823,36-45,Male,Sweater,Clothing,81.79,Ohio,XS,Gray,Winter,4,Yes,Credit Card,Standard,Yes,No,4,Monthly
1824,56-65,Female,Fitness Equipment,Sports & Outdoors,139.78,Michigan,N/A,N/A,Fall,4,Yes,Debit Card,Free Shipping,Yes,Yes,4,Monthly
1825,65+,Male,DVD,Books & Media,32.56,Georgia,N/A,N/A,Fall,5,No,PayPal,Next Day Delivery,No,Yes,8,Annually
1826,65+,Male,Handbag,Accessories,193.49,Michigan,N/A,White,Spring,4,No,Debit Card,Free Shipping,No,No,6,Quarterly
1827,46-55,Female,Bike,Sports & Outdoors,132.93,Georgia,N/A,N/A,Winter,5,No,PayPal,Express,No,No,7,Bi-Weekly
1828,65+,Female,Fragrance,Beauty & Personal Care,25.19,California,N/A,N/A,Summer,3,No,Debit Card,Free Shipping,Yes,No,4,Bi-Weekly
1829,46-55,Female,Fitness Equipment,Sports & Outdoors,58.54,Ohio,N/A,N/A,Summer,5,No,Cash,Express,No,No,2,Bi-Weekly
1830,18-25,Female,Jacket,Clothing,67.45,Georgia,S,Blue,Fall,5,No,Cash,Standard,No,No,8,Quarterly
1831,46-55,Female,Sandals,Footwear,187.44,North Carolina,M,White,Summer,4,No,PayPal,Free Shipping,No,No,9,Quarterly
1832,46-55,Male,Heels,Footwear,16.8,New Jersey,XS,Blue,Spring,4,Yes,Credit Card,Next Day Delivery,No,No,7,Quarterly
1833,56-65,Female,Kitchenware,Home & Garden,79.73,New York,N/A,N/A,Winter,5,No,Cash,Free Shipping,Yes,No,7,Quarterly
1834,18-25,Male,Kitchenware,Home & Garden,304.22,Pennsylvania,N/A,N/A,Fall,5,No,Bank Transfer,Free Shipping,No,No,3,Annually
1835,18-25,Female,Running Shoes,Footwear,103.85,Illinois,M,Gray,Fall,4,No,Cash,Next Day Delivery,No,No,8,Annually
1836,46-55,Male,Smartphone,Electronics,157.37,Georgia,N/A,N/A,Fall,5,Yes,PayPal,Express,No,No,7,Bi-Weekly
1837,36-45,Male,Sunglasses,Accessories,146.09,New Jersey,N/A,Red,Fall,5,No,Bank Transfer,Next Day Delivery,No,No,6,Annually
1838,36-45,Female,Handbag,Accessories,107.13,Pennsylvania,N/A,Brown,Summer,5,No,Bank Transfer,Express,No,No,5,Bi-Weekly
1839,46-55,Male,Novel,Books & Media,30.55,Pennsylvania,N/A,N/A,Spring,5,Yes,PayPal,Express,No,Yes,1,Annually
1840,36-45,Female,Smartwatch,Electronics,186.67,Georgia,N/A,N/A,Winter,4,Yes,Bank Transfer,Next Day Delivery,No,No,4,Weekly
1841,46-55,Male,Makeup,Beauty & Personal Care,13.72,Illinois,N/A,N/A,Summer,5,No,Debit Card,Standard,Yes,No,5,Quarterly
1842,26-35,Female,Wallet,Accessories,98.99,California,N/A,Blue,Fall,5,No,Bank Transfer,Free Shipping,Yes,No,4,Annually
1843,26-35,Female,Decor,Home & Garden,160.59,Georgia,N/A,N/A,Fall,4,No,Bank Transfer,Express,No,No,3,Bi-Weekly
1844,56-65,Male,Headphones,Electronics,291.25,Virginia,N/A,N/A,Spring,4,No,Cash,Next Day Delivery,No,No,8,Bi-Weekly
1845,46-55,Female,Skincare,Beauty & Personal Care,32.72,Illinois,N/A,N/A,Fall,5,No,Cash,Express,No,No,11,Monthly
1846,18-25,Other,Jeans,Clothing,25.41,New Jersey,L,Black,Fall,5,No,PayPal,Express,No,No,9,Quarterly
1847,65+,Male,Makeup,Beauty & Personal Care,68.79,Michigan,N/A,N/A,Winter,4,No,Debit Card,Standard,No,No,12,Monthly
1848,46-55,Male,Kitchenware,Home & Garden,256.68,Virginia,N/A,N/A,Winter,5,No,Debit Card,Express,No,No,6,Annually
1849,26-35,Female,Fitness Equipment,Sports & Outdoors,172.83,Texas,N/A,N/A,Spring,5,No,Debit Card,Free Shipping,No,No,5,Monthly
1850,26-35,Male,Bike,Sports & Outdoors,106.63,North Carolina,N/A,N/A,Spring,5,No,PayPal,Next Day Delivery,No,No,9,Quarterly
1851,26-35,Male,Fitness Equipment,Sports & Outdoors,90.41,New Jersey,N/A,N/A,Fall,5,No,Debit Card,Standard,No,No,9,Annually
1852,18-25,Female,Heels,Footwear,141.47,Texas,XS,White,Summer,3,Yes,Credit Card,Express,No,No,8,Bi-Weekly
1853,18-25,Male,Sports Apparel,Sports & Outdoors,18.82,Pennsylvania,N/A,N/A,Spring,5,No,PayPal,Next Day Delivery,No,No,6,Weekly
1854,46-55,Female,Skincare,Beauty & Personal Care,37.83,North Carolina,N/A,N/A,Winter,4,Yes,PayPal,Express,No,No,8,Annually
1855,18-25,Female,Jewelry,Accessories,113.01,Florida,N/A,Black,Fall,5,No,Cash,Express,No,No,9,Weekly
1856,65+,Female,Board Game,Toys & Games,47.17,California,N/A,N/A,Summer,3,Yes,PayPal,Standard,No,No,7,Weekly
1857,26-35,Male,Handbag,Accessories,179.76,Florida,N/A,Green,Fall,4,No,Debit Card,Free Shipping,No,Yes,9,Quarterly
1858,18-25,Male,Puzzle,Toys & Games,36.1,Georgia,N/A,N/A,Spring,5,No,PayPal,Standard,Yes,Yes,4,Weekly
1859,26-35,Male,Pants,Clothing,73.66,New York,XL,Red,Spring,4,No,Debit Card,Standard,No,No,3,Annually
1860,36-45,Male,Action Figure,Toys & Games,24.41,Ohio,N/A,N/A,Summer,5,No,Cash,Standard,No,No,7,Annually
1861,36-45,Female,Garden Tools,Home & Garden,190.16,Pennsylvania,N/A,N/A,Winter,5,No,Cash,Express,No,No,7,Annually
1862,36-45,Female,Camping Gear,Sports & Outdoors,10.0,Pennsylvania,N/A,N/A,Fall,5,No,PayPal,Standard,Yes,Yes,10,Monthly
1863,46-55,Male,Jacket,Clothing,104.68,Michigan,XL,Brown,Winter,5,No,Cash,Express,No,No,5,Weekly
1864,18-25,Female,Skincare,Beauty & Personal Care,63.07,Virginia,N/A,N/A,Summer,4,No,Cash,Next Day Delivery,Yes,Yes,3,Bi-Weekly
1865,56-65,Female,Decor,Home & Garden,251.96,Georgia,N/A,N/A,Spring,5,No,Cash,Next Day Delivery,No,No,4,Bi-Weekly
1866,56-65,Male,Dress,Clothing,143.81,California,S,Brown,Summer,3,No,Debit Card,Express,Yes,No,3,Quarterly
1867,65+,Female,Hair Care,Beauty & Personal Care,31.41,Georgia,N/A,N/A,Winter,5,No,Bank Transfer,Express,No,No,9,Quarterly
1868,46-55,Female,Puzzle,Toys & Games,39.36,New Jersey,N/A,N/A,Summer,3,No,Credit Card,Standard,No,Yes,8,Weekly
1869,18-25,Female,Blouse,Clothing,26.3,California,M,Black,Fall,4,No,PayPal,Free Shipping,No,No,8,Annually
1870,26-35,Male,Smartphone,Electronics,10.0,Pennsylvania,N/A,N/A,Summer,5,Yes,Cash,Free Shipping,No,No,11,Monthly
1871,18-25,Male,Bedding,Home & Garden,308.4,New Jersey,N/A,N/A,Spring,3,No,Debit Card,Standard,No,No,5,Weekly
1872,36-45,Male,Sandals,Footwear,129.31,Georgia,S,Black,Spring,5,No,PayPal,Express,No,No,6,Weekly
1873,18-25,Male,Camera,Electronics,431.35,New York,N/A,N/A,Winter,3,No,Bank Transfer,Next Day Delivery,Yes,No,6,Monthly
1874,18-25,Male,Novel,Books & Media,30.72,Virginia,N/A,N/A,Summer,5,No,Cash,Standard,Yes,No,9,Quarterly
1875,65+,Male,Skincare,Beauty & Personal Care,60.95,California,N/A,N/A,Winter,4,No,PayPal,Free Shipping,No,No,5,Quarterly
1876,26-35,Male,Sweater,Clothing,28.83,California,XS,Brown,Fall,5,Yes,Debit Card,Free Shipping,No,No,8,Bi-Weekly
1877,36-45,Male,Jeans,Clothing,107.61,Illinois,S,White,Winter,4,No,Credit Card,Standard,No,No,9,Annually
1878,46-55,Female,Video Game,Toys & Games,49.17,New York,N/A,N/A,Spring,5,Yes,Debit Card,Next Day Delivery,No,No,3,Weekly
1879,56-65,Male,Bike,Sports & Outdoors,144.74,Georgia,N/A,N/A,Summer,5,No,Debit Card,Next Day Delivery,Yes,No,6,Annually
1880,56-65,Male,Sandals,Footwear,130.83,Virginia,M,Red,Summer,4,No,Bank Transfer,Free Shipping,No,No,7,Monthly
1881,46-55,Male,Sports Apparel,Sports & Outdoors,109.12,Florida,N/A,N/A,Winter,5,No,Bank Transfer,Free Shipping,No,No,6,Monthly
1882,46-55,Male,Smartwatch,Electronics,142.89,Illinois,N/A,N/A,Summer,5,No,Debit Card,Next Day Delivery,No,No,7,Quarterly
1883,46-55,Male,Action Figure,Toys & Games,66.73,California,N/A,N/A,Fall,4,No,Bank Transfer,Express,No,No,3,Annually
1884,36-45,Male,Action Figure,Toys & Games,42.63,Michigan,N/A,N/A,Summer,5,No,Cash,Free Shipping,No,No,2,Weekly
1885,46-55,Female,Smartwatch,Electronics,322.25,North Carolina,N/A,N/A,Spring,4,No,Bank Transfer,Standard,No,Yes,11,Annually
1886,18-25,Female,Garden Tools,Home & Garden,49.05,New Jersey,N/A,N/A,Summer,4,Yes,Cash,Next Day Delivery,Yes,No,4,Quarterly
1887,18-25,Male,Sports Apparel,Sports & Outdoors,133.58,North Carolina,N/A,N/A,Winter,5,Yes,Bank Transfer,Free Shipping,No,Yes,5,Bi-Weekly
1888,56-65,Male,Bike,Sports & Outdoors,143.59,Virginia,N/A,N/A,Spring,4,No,Cash,Free Shipping,No,No,6,Bi-Weekly
1889,65+,Female,Wallet,Accessories,65.98,California,N/A,Brown,Spring,4,Yes,PayPal,Express,Yes,No,4,Weekly
1890,65+,Male,Kitchenware,Home & Garden,179.82,Ohio,N/A,N/A,Fall,5,Yes,Cash,Standard,Yes,No,5,Bi-Weekly
1891,18-25,Other,Shirt,Clothing,94.38,Illinois,XS,White,Summer,4,No,Credit Card,Standard,No,No,8,Monthly
1892,46-55,Male,Tablet,Electronics,212.04,Pennsylvania,N/A,N/A,Winter,4,No,Credit Card,Next Day Delivery,No,No,6,Monthly
1893,46-55,Female,Camping Gear,Sports & Outdoors,135.07,Illinois,N/A,N/A,Winter,3,No,Bank Transfer,Free Shipping,No,No,11,Annually
1894,56-65,Male,Jeans,Clothing,49.21,Georgia,XS,Red,Fall,5,No,Debit Card,Standard,No,No,3,Monthly
1895,65+,Male,Music Album,Books & Media,24.34,North Carolina,N/A,N/A,Spring,5,No,PayPal,Next Day Delivery,No,No,6,Quarterly
1896,18-25,Female,Skincare,Beauty & Personal Care,35.7,Georgia,N/A,N/A,Spring,5,No,PayPal,Next Day Delivery,No,Yes,6,Annually
1897,18-25,Female,Laptop,Electronics,647.42,Virginia,N/A,N/A,Spring,3,No,PayPal,Free Shipping,Yes,No,2,Monthly
1898,26-35,Male,Novel,Books & Media,31.59,Pennsylvania,N/A,N/A,Fall,5,No,Bank Transfer,Free Shipping,No,No,3,Bi-Weekly
1899,56-65,Female,Skincare,Beauty & Personal Care,52.8,California,N/A,N/A,Summer,5,No,Bank Transfer,Standard,No,No,9,Annually
1900,46-55,Male,Smartwatch,Electronics,327.35,Florida,N/A,N/A,Winter,5,No,Debit Card,Free Shipping,No,No,7,Annually
1901,65+,Female,Dress,Clothing,99.48,Michigan,XS,Gray,Winter,5,Yes,Cash,Free Shipping,No,No,8,Monthly
1902,26-35,Female,Dress,Clothing,82.59,Michigan,M,Red,Spring,3,No,Cash,Standard,Yes,Yes,4,Bi-Weekly
1903,46-55,Male,Magazine,Books & Media,17.99,California,N/A,N/A,Winter,5,Yes,Cash,Free Shipping,Yes,No,5,Weekly
1904,36-45,Male,Boots,Footwear,144.34,Pennsylvania,XL,Brown,Winter,5,No,Cash,Free Shipping,No,No,7,Weekly
1905,18-25,Male,Boots,Footwear,10.0,Florida,XL,Green,Spring,4,No,PayPal,Free Shipping,No,Yes,5,Monthly
1906,65+,Female,Skincare,Beauty & Personal Care,44.89,Virginia,N/A,N/A,Fall,4,No,Bank Transfer,Standard,Yes,Yes,4,Quarterly
1907,46-55,Female,Dress,Clothing,61.43,Ohio,XL,Gray,Winter,4,No,Credit Card,Standard,No,No,9,Weekly
1908,36-45,Other,Bike,Sports & Outdoors,10.0,Ohio,N/A,N/A,Summer,4,Yes,Cash,Standard,No,No,4,Weekly
1909,26-35,Female,Smartwatch,Electronics,136.17,Florida,N/A,N/A,Summer,5,No,PayPal,Next Day Delivery,Yes,No,5,Annually
1910,36-45,Female,Novel,Books & Media,23.43,New Jersey,N/A,N/A,Summer,5,Yes,Bank Transfer,Free Shipping,Yes,Yes,7,Weekly
1911,56-65,Female,Pants,Clothing,72.26,New York,S,Blue,Summer,4,No,PayPal,Standard,No,No,7,Monthly
1912,18-25,Male,Board Game,Toys & Games,19.2,Texas,N/A,N/A,Fall,5,Yes,Bank Transfer,Standard,No,No,8,Monthly
1913,26-35,Male,Camping Gear,Sports & Outdoors,101.89,Georgia,N/A,N/A,Summer,5,No,Cash,Free Shipping,No,No,5,Quarterly
1914,46-55,Male,Watch,Accessories,84.28,Florida,N/A,Red,Spring,5,Yes,Cash,Express,No,No,11,Annually
1915,26-35,Male,Tablet,Electronics,578.07,North Carolina,N/A,N/A,Spring,5,No,Bank Transfer,Express,No,Yes,5,Bi-Weekly
1916,65+,Male,Hair Care,Beauty & Personal Care,48.29,New York,N/A,N/A,Fall,5,Yes,PayPal,Standard,Yes,No,2,Quarterly
1917,18-25,Other,Bike,Sports & Outdoors,127.21,California,N/A,N/A,Summer,5,Yes,Debit Card,Free Shipping,Yes,Yes,4,Quarterly
1918,56-65,Male,Wallet,Accessories,143.01,Florida,N/A,Red,Winter,4,No,Cash,Express,Yes,No,8,Annually
1919,56-65,Other,Bedding,Home & Garden,21.55,Texas,N/A,N/A,Winter,5,No,Bank Transfer,Standard,No,No,7,Quarterly
1920,18-25,Female,Board Game,Toys & Games,33.86,Virginia,N/A,N/A,Summer,4,No,Credit Card,Next Day Delivery,No,No,6,Monthly
1921,46-55,Female,Bedding,Home & Garden,162.19,New Jersey,N/A,N/A,Fall,5,No,Debit Card,Next Day Delivery,No,No,5,Monthly
1922,46-55,Female,Video Game,Toys & Games,47.48,Ohio,N/A,N/A,Summer,5,No,PayPal,Next Day Delivery,Yes,No,6,Weekly
1923,65+,Female,DVD,Books & Media,21.08,North Carolina,N/A,N/A,Spring,5,Yes,Debit Card,Next Day Delivery,No,No,10,Monthly
1924,36-45,Male,Action Figure,Toys & Games,22.62,Pennsylvania,N/A,N/A,Fall,4,No,Cash,Express,No,No,7,Monthly
1925,36-45,Male,Sunglasses,Accessories,95.25,North Carolina,N/A,Gray,Winter,5,No,Debit Card,Next Day Delivery,No,No,8,Annually
1926,46-55,Female,Belt,Accessories,79.91,Florida,N/A,Brown,Fall,5,Yes,Cash,Next Day Delivery,No,No,7,Annually
1927,56-65,Female,Camping Gear,Sports & Outdoors,102.41,Georgia,N/A,N/A,Summer,4,No,Credit Card,Next Day Delivery,Yes,No,8,Bi-Weekly
1928,26-35,Other,Camping Gear,Sports & Outdoors,156.49,New Jersey,N/A,N/A,Winter,4,No,Debit Card,Express,No,No,4,Quarterly
1929,46-55,Female,Garden Tools,Home & Garden,32.14,Georgia,N/A,N/A,Fall,5,No,Cash,Next Day Delivery,No,No,5,Annually
1930,18-25,Male,Furniture,Home & Garden,188.93,Ohio,N/A,N/A,Winter,4,No,Credit Card,Standard,No,Yes,5,Bi-Weekly
1931,36-45,Other,Music Album,Books & Media,28.81,North Carolina,N/A,N/A,Fall,4,No,Bank Transfer,Free Shipping,No,No,9,Bi-Weekly
1932,36-45,Female,Jacket,Clothing,99.55,New Jersey,L,Green,Spring,4,No,PayPal,Free Shipping,Yes,No,10,Quarterly
1933,36-45,Male,Laptop,Electronics,469.06,Florida,N/A,N/A,Spring,5,No,Debit Card,Standard,No,No,5,Weekly
1934,18-25,Female,Furniture,Home & Garden,154.27,North Carolina,N/A,N/A,Fall,5,No,Cash,Standard,No,Yes,8,Quarterly
1935,26-35,Female,Jeans,Clothing,57.17,Michigan,XS,Black,Spring,5,No,Debit Card,Next Day Delivery,No,No,8,Monthly
1936,46-55,Female,Handbag,Accessories,44.2,New York,N/A,Green,Fall,4,Yes,Bank Transfer,Next Day Delivery,No,No,8,Bi-Weekly
1937,26-35,Female,Sweater,Clothing,138.84,Michigan,M,Brown,Summer,4,No,Cash,Free Shipping,Yes,No,7,Bi-Weekly
1938,56-65,Male,Pants,Clothing,52.65,Texas,XL,Gray,Fall,5,Yes,PayPal,Standard,No,No,7,Weekly
1939,26-35,Female,Makeup,Beauty & Personal Care,70.71,New York,N/A,N/A,Winter,5,Yes,Bank Transfer,Express,No,No,3,Bi-Weekly
1940,26-35,Other,Furniture,Home & Garden,154.37,California,N/A,N/A,Summer,5,No,Debit Card,Free Shipping,No,No,2,Annually
1941,56-65,Female,Fragrance,Beauty & Personal Care,58.96,New York,N/A,N/A,Summer,5,No,Credit Card,Standard,No,No,4,Quarterly
1942,65+,Other,Music Album,Books & Media,35.11,Florida,N/A,N/A,Winter,3,No,Bank Transfer,Free Shipping,No,No,3,Weekly
1943,56-65,Female,Kitchenware,Home & Garden,54.0,New Jersey,N/A,N/A,Winter,5,No,PayPal,Next Day Delivery,No,No,9,Monthly
1944,18-25,Other,Music Album,Books & Media,19.89,Georgia,N/A,N/A,Summer,4,Yes,Debit Card,Express,No,Yes,9,Weekly
1945,56-65,Male,Makeup,Beauty & Personal Care,23.27,Ohio,N/A,N/A,Summer,5,Yes,Cash,Next Day Delivery,No,No,4,Monthly
1946,46-55,Female,Kitchenware,Home & Garden,189.32,Virginia,N/A,N/A,Fall,4,No,Cash,Free Shipping,No,No,9,Annually
1947,46-55,Male,Jeans,Clothing,109.53,Michigan,S,Gray,Spring,3,Yes,PayPal,Standard,No,No,3,Quarterly
1948,56-65,Male,Sports Apparel,Sports & Outdoors,127.6,Ohio,N/A,N/A,Spring,4,Yes,PayPal,Free Shipping,Yes,No,8,Quarterly
1949,46-55,Male,Tablet,Electronics,81.03,Illinois,N/A,N/A,Fall,5,No,Cash,Next Day Delivery,Yes,No,8,Monthly
1950,36-45,Female,Magazine,Books & Media,38.13,Florida,N/A,N/A,Summer,5,No,Bank Transfer,Express,Yes,No,5,Weekly
1951,46-55,Male,Fitness Equipment,Sports & Outdoors,200.04,New York,N/A,N/A,Spring,4,No,Cash,Standard,No,No,6,Annually
1952,65+,Male,Board Game,Toys & Games,30.37,Illinois,N/A,N/A,Spring,5,No,Bank Transfer,Next Day Delivery,No,No,8,Quarterly
1953,26-35,Female,Kitchenware,Home & Garden,190.77,Ohio,N/A,N/A,Fall,4,No,Cash,Express,No,No,4,Quarterly
1954,36-45,Female,Running Shoes,Footwear,150.39,Texas,S,Brown,Spring,4,No,Bank Transfer,Standard,No,No,7,Annually
1955,65+,Female,Sandals,Footwear,95.25,North Carolina,L,Red,Summer,3,No,Cash,Standard,Yes,No,7,Bi-Weekly
1956,56-65,Female,Smartphone,Electronics,592.79,Texas,N/A,N/A,Fall,4,No,Cash,Standard,Yes,No,4,Quarterly
1957,56-65,Male,Camping Gear,Sports & Outdoors,132.84,Florida,N/A,N/A,Summer,5,No,Cash,Standard,No,No,9,Monthly
1958,26-35,Male,Garden Tools,Home & Garden,186.63,California,N/A,N/A,Spring,5,Yes,PayPal,Express,No,No,6,Bi-Weekly
1959,18-25,Female,Magazine,Books & Media,27.12,Florida,N/A,N/A,Summer,5,No,Bank Transfer,Next Day Delivery,No,Yes,3,Annually
1960,36-45,Female,Magazine,Books & Media,25.34,Georgia,N/A,N/A,Summer,5,No,Credit Card,Express,No,No,5,Bi-Weekly
1961,65+,Female,Shirt,Clothing,97.39,Ohio,S,Black,Fall,5,No,PayPal,Free Shipping,Yes,No,6,Quarterly
1962,56-65,Male,Video Game,Toys & Games,20.59,North Carolina,N/A,N/A,Winter,4,Yes,Bank Transfer,Next Day Delivery,Yes,No,4,Annually
1963,56-65,Male,Hair Care,Beauty & Personal Care,38.43,North Carolina,N/A,N/A,Winter,5,Yes,Cash,Free Shipping,No,No,11,Bi-Weekly
1964,18-25,Male,Watch,Accessories,85.67,Michigan,N/A,Blue,Fall,5,No,Credit Card,Free Shipping,Yes,No,5,Quarterly
1965,46-55,Male,Decor,Home & Garden,151.5,California,N/A,N/A,Fall,5,Yes,PayPal,Express,No,No,7,Weekly
1966,26-35,Female,Makeup,Beauty & Personal Care,50.46,Georgia,N/A,N/A,Summer,4,Yes,Debit Card,Free Shipping,No,No,5,Bi-Weekly
1967,26-35,Other,Pants,Clothing,16.84,Georgia,M,Red,Winter,5,Yes,PayPal,Free Shipping,No,No,6,Monthly
1968,26-35,Male,Magazine,Books & Media,13.65,Ohio,N/A,N/A,Spring,4,Yes,Cash,Express,No,No,4,Weekly
1969,36-45,Female,Fitness Equipment,Sports & Outdoors,64.04,Pennsylvania,N/A,N/A,Winter,5,No,PayPal,Free Shipping,No,No,6,Weekly
1970,56-65,Female,Decor,Home & Garden,101.27,North Carolina,N/A,N/A,Winter,3,Yes,Credit Card,Free Shipping,Yes,No,3,Weekly
1971,36-45,Female,Camping Gear,Sports & Outdoors,104.79,Illinois,N/A,N/A,Summer,4,No,Credit Card,Standard,No,No,5,Bi-Weekly
1972,65+,Male,Puzzle,Toys & Games,43.14,California,N/A,N/A,Spring,5,No,Bank Transfer,Express,No,Yes,4,Annually
1973,36-45,Male,Jacket,Clothing,101.35,Ohio,M,Brown,Winter,5,No,Debit Card,Next Day Delivery,No,Yes,7,Monthly
1974,36-45,Male,Blouse,Clothing,100.18,North Carolina,XL,Black,Winter,3,No,PayPal,Free Shipping,Yes,Yes,5,Annually
1975,18-25,Male,Board Game,Toys & Games,38.92,Florida,N/A,N/A,Winter,4,No,Debit Card,Free Shipping,No,No,8,Monthly
1976,26-35,Female,Boots,Footwear,99.27,Texas,XL,Red,Fall,5,No,PayPal,Express,Yes,No,5,Weekly
1977,18-25,Female,Furniture,Home & Garden,131.61,Florida,N/A,N/A,Summer,4,No,PayPal,Express,No,No,8,Quarterly
1978,26-35,Female,Hair Care,Beauty & Personal Care,12.36,New York,N/A,N/A,Spring,4,No,Credit Card,Express,Yes,No,6,Weekly
1979,36-45,Female,Novel,Books & Media,38.97,New York,N/A,N/A,Winter,5,No,Cash,Free Shipping,No,No,4,Weekly
1980,18-25,Male,DVD,Books & Media,29.71,Michigan,N/A,N/A,Fall,5,Yes,PayPal,Next Day Delivery,Yes,No,5,Annually
1981,56-65,Male,Puzzle,Toys & Games,32.15,New Jersey,N/A,N/A,Fall,5,No,Bank Transfer,Express,No,No,3,Annually
1982,56-65,Female,Garden Tools,Home & Garden,190.51,New York,N/A,N/A,Summer,5,No,Credit Card,Free Shipping,No,No,10,Quarterly
1983,36-45,Male,Sports Apparel,Sports & Outdoors,97.56,Georgia,N/A,N/A,Winter,5,No,Credit Card,Next Day Delivery,Yes,No,8,Monthly
1984,18-25,Female,Running Shoes,Footwear,84.48,New York,S,White,Winter,5,Yes,Cash,Standard,No,No,6,Annually
1985,56-65,Male,Bike,Sports & Outdoors,238.5,Virginia,N/A,N/A,Winter,4,No,PayPal,Next Day Delivery,No,No,11,Monthly
1986,18-25,Female,Handbag,Accessories,162.92,Michigan,N/A,Red,Spring,4,No,Debit Card,Standard,No,Yes,4,Quarterly
1987,46-55,Other,Makeup,Beauty & Personal Care,29.93,Ohio,N/A,N/A,Winter,5,No,Credit Card,Next Day Delivery,No,No,6,Monthly
1988,18-25,Male,Kitchenware,Home & Garden,238.34,Georgia,N/A,N/A,Winter,5,No,PayPal,Express,No,No,8,Quarterly
1989,46-55,Male,Sunglasses,Accessories,168.19,New York,N/A,Green,Summer,5,No,Debit Card,Express,No,No,5,Annually
1990,36-45,Male,Skincare,Beauty & Personal Care,20.11,Texas,N/A,N/A,Spring,5,No,Credit Card,Standard,No,No,4,Bi-Weekly
1991,56-65,Female,Fragrance,Beauty & Personal Care,42.13,Texas,N/A,N/A,Summer,4,No,Credit Card,Standard,No,No,6,Quarterly
1992,26-35,Female,Pants,Clothing,55.72,Illinois,M,Gray,Fall,5,No,Bank Transfer,Standard,No,No,5,Weekly
1993,26-35,Male,Decor,Home & Garden,155.7,Texas,N/A,N/A,Spring,4,No,Bank Transfer,Standard,No,No,6,Weekly
1994,56-65,Male,Blouse,Clothing,47.88,New York,S,Red,Winter,5,No,Credit Card,Next Day Delivery,No,No,6,Annually
1995,36-45,Male,Board Game,Toys & Games,20.05,Michigan,N/A,N/A,Fall,5,No,Cash,Standard,No,No,7,Quarterly
1996,56-65,Male,Kitchenware,Home & Garden,101.55,New Jersey,N/A,N/A,Spring,5,No,PayPal,Express,No,No,5,Monthly
1997,18-25,Male,Hair Care,Beauty & Personal Care,25.61,New Jersey,N/A,N/A,Summer,3,No,PayPal,Free Shipping,No,No,5,Monthly
1998,56-65,Female,Decor,Home & Garden,217.52,New Jersey,N/A,N/A,Winter,4,Yes,PayPal,Express,No,No,6,Monthly
1999,65+,Male,Camping Gear,Sports & Outdoors,47.8,New York,N/A,N/A,Winter,3,No,Cash,Express,No,No,11,Weekly
2000,18-25,Male,Sweater,Clothing,97.51,Texas,S,Black,Winter,4,No,Cash,Express,Yes,No,9,Weekly
2001,36-45,Female,Sports Apparel,Sports & Outdoors,165.99,Michigan,N/A,N/A,Summer,4,No,PayPal,Free Shipping,No,No,10,Quarterly
2002,18-25,Female,Puzzle,Toys & Games,25.83,Virginia,N/A,N/A,Summer,5,No,PayPal,Standard,Yes,No,5,Monthly
2003,26-35,Female,Makeup,Beauty & Personal Care,42.68,Pennsylvania,N/A,N/A,Spring,4,Yes,Credit Card,Standard,Yes,Yes,5,Monthly
2004,46-55,Male,Heels,Footwear,93.11,Georgia,L,Brown,Fall,5,No,PayPal,Express,No,Yes,3,Monthly
2005,65+,Male,Hair Care,Beauty & Personal Care,62.35,Michigan,N/A,N/A,Summer,5,No,Credit Card,Express,No,No,6,Monthly
2006,46-55,Female,Tablet,Electronics,686.03,Pennsylvania,N/A,N/A,Summer,4,Yes,Credit Card,Express,No,No,7,Bi-Weekly
2007,56-65,Female,DVD,Books & Media,20.93,New York,N/A,N/A,Summer,4,No,PayPal,Standard,No,Yes,2,Weekly
2008,65+,Female,Sports Apparel,Sports & Outdoors,146.71,Michigan,N/A,N/A,Fall,5,Yes,Debit Card,Standard,No,No,8,Weekly
2009,46-55,Female,Action Figure,Toys & Games,10.0,New York,N/A,N/A,Summer,4,No,Debit Card,Next Day Delivery,No,No,12,Annually
2010,46-55,Male,Action Figure,Toys & Games,52.07,Ohio,N/A,N/A,Spring,4,Yes,PayPal,Next Day Delivery,No,No,4,Annually
2011,46-55,Male,Dress,Clothing,42.17,Pennsylvania,XS,Red,Spring,5,No,PayPal,Free Shipping,No,No,5,Quarterly
2012,56-65,Female,Sunglasses,Accessories,107.41,Michigan,N/A,White,Winter,4,Yes,Debit Card,Next Day Delivery,Yes,No,4,Weekly
2013,26-35,Male,Bedding,Home & Garden,143.84,Illinois,N/A,N/A,Spring,4,No,Bank Transfer,Express,No,No,8,Weekly
2014,26-35,Male,Magazine,Books & Media,37.65,Ohio,N/A,N/A,Spring,5,No,PayPal,Standard,No,No,4,Weekly
2015,36-45,Male,Video Game,Toys & Games,47.81,California,N/A,N/A,Fall,5,Yes,Bank Transfer,Standard,No,No,5,Quarterly
2016,56-65,Female,Belt,Accessories,80.74,New Jersey,N/A,Green,Fall,5,Yes,Credit Card,Express,No,No,7,Quarterly
2017,56-65,Male,Camping Gear,Sports & Outdoors,169.93,North Carolina,N/A,N/A,Summer,3,No,Credit Card,Free Shipping,No,No,6,Weekly
2018,36-45,Male,Jewelry,Accessories,10.0,California,N/A,Black,Summer,5,No,Debit Card,Express,Yes,No,4,Monthly
2019,65+,Male,Bedding,Home & Garden,208.2,Florida,N/A,N/A,Winter,4,No,Cash,Express,Yes,No,6,Monthly
2020,18-25,Male,Decor,Home & Garden,138.08,North Carolina,N/A,N/A,Spring,4,No,Credit Card,Express,No,No,4,Weekly
2021,18-25,Male,Watch,Accessories,106.21,Illinois,N/A,White,Spring,5,No,PayPal,Next Day Delivery,Yes,No,3,Weekly
2022,56-65,Other,Video Game,Toys & Games,17.92,North Carolina,N/A,N/A,Spring,5,No,PayPal,Next Day Delivery,No,No,6,Weekly
2023,36-45,Female,Headphones,Electronics,97.97,Florida,N/A,N/A,Winter,5,No,Cash,Next Day Delivery,No,No,8,Weekly
2024,56-65,Female,Smartphone,Electronics,544.36,Florida,N/A,N/A,Summer,5,No,Debit Card,Express,No,No,5,Annually
2025,65+,Female,Action Figure,Toys & Games,29.91,Georgia,N/A,N/A,Fall,5,No,Credit Card,Next Day Delivery,No,No,9,Quarterly
2026,46-55,Male,Smartwatch,Electronics,458.39,Ohio,N/A,N/A,Summer,5,No,Cash,Express,Yes,No,3,Annually
2027,65+,Male,Novel,Books & Media,10.0,Virginia,N/A,N/A,Summer,5,No,PayPal,Free Shipping,Yes,No,5,Quarterly
2028,36-45,Male,Camping Gear,Sports & Outdoors,74.87,California,N/A,N/A,Spring,5,No,PayPal,Express,Yes,No,6,Weekly
2029,56-65,Female,Fitness Equipment,Sports & Outdoors,82.05,New Jersey,N/A,N/A,Fall,4,No,Debit Card,Free Shipping,No,No,6,Weekly
2030,36-45,Male,Novel,Books & Media,26.11,Florida,N/A,N/A,Spring,5,Yes,Bank Transfer,Standard,No,No,6,Annually
2031,26-35,Male,Music Album,Books & Media,25.08,North Carolina,N/A,N/A,Fall,4,Yes,Credit Card,Standard,Yes,No,8,Monthly
2032,26-35,Male,Garden Tools,Home & Garden,131.09,Ohio,N/A,N/A,Fall,5,No,Credit Card,Standard,No,No,4,Weekly
2033,36-45,Female,Casual Shoes,Footwear,166.53,Illinois,L,White,Fall,5,No,Debit Card,Free Shipping,No,No,11,Weekly
2034,56-65,Male,Fitness Equipment,Sports & Outdoors,98.0,Georgia,N/A,N/A,Fall,5,No,Debit Card,Free Shipping,No,No,6,Weekly
2035,18-25,Male,Decor,Home & Garden,48.15,Florida,N/A,N/A,Spring,5,No,Cash,Standard,Yes,No,3,Monthly
2036,18-25,Female,Headphones,Electronics,626.48,Pennsylvania,N/A,N/A,Fall,4,No,Credit Card,Express,Yes,No,8,Annually
2037,26-35,Female,Laptop,Electronics,490.61,California,N/A,N/A,Fall,5,No,Debit Card,Standard,No,No,5,Annually
2038,56-65,Male,Puzzle,Toys & Games,31.41,North Carolina,N/A,N/A,Fall,5,No,Credit Card,Free Shipping,No,No,7,Weekly
2039,36-45,Male,Skincare,Beauty & Personal Care,38.68,New Jersey,N/A,N/A,Fall,5,No,Debit Card,Standard,No,Yes,2,Bi-Weekly
2040,18-25,Male,Smartwatch,Electronics,371.49,California,N/A,N/A,Spring,5,Yes,PayPal,Standard,No,No,3,Quarterly
2041,36-45,Female,Skincare,Beauty & Personal Care,62.97,Illinois,N/A,N/A,Summer,5,Yes,Bank Transfer,Express,No,Yes,5,Weekly
2042,36-45,Female,Boots,Footwear,185.25,New Jersey,XL,Gray,Spring,4,Yes,Credit Card,Free Shipping,Yes,No,7,Bi-Weekly
2043,65+,Male,Boots,Footwear,117.02,Virginia,XL,White,Winter,5,No,Credit Card,Next Day Delivery,No,No,6,Annually
2044,65+,Male,Jewelry,Accessories,167.87,North Carolina,N/A,White,Spring,4,No,PayPal,Express,No,No,8,Annually
2045,65+,Male,Makeup,Beauty & Personal Care,54.57,North Carolina,N/A,N/A,Fall,4,No,Debit Card,Express,No,Yes,6,Quarterly
2046,56-65,Female,Hair Care,Beauty & Personal Care,45.67,Illinois,N/A,N/A,Summer,5,No,Bank Transfer,Standard,No,No,7,Quarterly
2047,36-45,Male,Novel,Books & Media,17.83,Texas,N/A,N/A,Winter,3,No,Bank Transfer,Express,No,Yes,4,Monthly
2048,65+,Female,Running Shoes,Footwear,50.34,Florida,XL,Black,Summer,5,No,Cash,Standard,No,No,8,Bi-Weekly
2049,26-35,Female,Jeans,Clothing,110.8,Texas,L,White,Summer,5,No,Debit Card,Standard,No,No,2,Annually
2050,18-25,Other,Wallet,Accessories,53.71,Texas,N/A,Brown,Spring,5,No,PayPal,Standard,Yes,No,3,Monthly
2051,26-35,Female,Magazine,Books & Media,20.02,Florida,N/A,N/A,Spring,5,Yes,Debit Card,Next Day Delivery,No,No,5,Quarterly
2052,46-55,Male,Puzzle,Toys & Games,37.95,Georgia,N/A,N/A,Summer,5,Yes,Cash,Express,No,No,6,Quarterly
2053,36-45,Female,Wallet,Accessories,32.28,New Jersey,N/A,White,Winter,3,No,PayPal,Next Day Delivery,No,No,4,Quarterly
2054,18-25,Male,Furniture,Home & Garden,173.09,Ohio,N/A,N/A,Winter,5,Yes,Cash,Standard,No,No,7,Weekly
2055,65+,Male,DVD,Books & Media,15.11,New York,N/A,N/A,Winter,4,Yes,Credit Card,Next Day Delivery,No,No,7,Bi-Weekly
2056,36-45,Male,Kitchenware,Home & Garden,152.56,Ohio,N/A,N/A,Spring,5,No,PayPal,Standard,Yes,No,11,Annually
2057,46-55,Female,Sports Apparel,Sports & Outdoors,151.93,New Jersey,N/A,N/A,Summer,5,No,PayPal,Express,No,No,6,Monthly
2058,46-55,Male,Hair Care,Beauty & Personal Care,89.9,Florida,N/A,N/A,Winter,5,No,Cash,Free Shipping,No,Yes,6,Bi-Weekly
2059,18-25,Male,Wallet,Accessories,139.14,Georgia,N/A,Red,Summer,5,Yes,Bank Transfer,Express,No,Yes,8,Weekly
2060,36-45,Female,Sports Apparel,Sports & Outdoors,21.57,Virginia,N/A,N/A,Spring,5,No,Debit Card,Next Day Delivery,No,Yes,6,Quarterly
2061,18-25,Female,Smartwatch,Electronics,574.95,Texas,N/A,N/A,Summer,4,Yes,Debit Card,Next Day Delivery,No,No,2,Bi-Weekly
2062,65+,Male,Action Figure,Toys & Games,30.16,New Jersey,N/A,N/A,Winter,5,No,Bank Transfer,Standard,Yes,Yes,11,Bi-Weekly
2063,18-25,Male,Bike,Sports & Outdoors,130.49,Michigan,N/A,N/A,Fall,3,No,Credit Card,Free Shipping,No,No,4,Bi-Weekly
2064,26-35,Male,Camera,Electronics,279.68,Illinois,N/A,N/A,Winter,5,No,Debit Card,Next Day Delivery,No,No,10,Annually
2065,26-35,Male,Hair Care,Beauty & Personal Care,61.9,Texas,N/A,N/A,Winter,5,No,PayPal,Express,Yes,Yes,4,Bi-Weekly
2066,36-45,Female,Blouse,Clothing,79.41,Pennsylvania,M,Red,Summer,5,No,Bank Transfer,Next Day Delivery,No,No,3,Quarterly
2067,26-35,Male,Skincare,Beauty & Personal Care,67.3,Virginia,N/A,N/A,Spring,5,No,Credit Card,Express,Yes,No,3,Bi-Weekly
2068,46-55,Female,Pants,Clothing,117.28,Georgia,L,Green,Spring,4,No,Credit Card,Free Shipping,No,No,11,Bi-Weekly
2069,26-35,Male,Handbag,Accessories,90.05,Pennsylvania,N/A,Black,Spring,4,No,Debit Card,Standard,No,Yes,6,Annually
2070,46-55,Male,Headphones,Electronics,538.34,New Jersey,N/A,N/A,Winter,5,No,Cash,Standard,Yes,No,9,Monthly
2071,26-35,Female,Smartphone,Electronics,195.08,Illinois,N/A,N/A,Summer,5,No,Credit Card,Free Shipping,No,Yes,5,Monthly
2072,56-65,Male,Casual Shoes,Footwear,75.36,Virginia,XS,Brown,Winter,5,No,Cash,Free Shipping,No,No,6,Monthly
2073,18-25,Male,Smartwatch,Electronics,602.26,Michigan,N/A,N/A,Summer,5,Yes,Bank Transfer,Next Day Delivery,No,Yes,5,Weekly
2074,46-55,Male,Sports Apparel,Sports & Outdoors,154.8,Georgia,N/A,N/A,Summer,5,No,Credit Card,Standard,No,No,6,Annually
2075,18-25,Male,Kitchenware,Home & Garden,214.96,Florida,N/A,N/A,Summer,4,Yes,Cash,Standard,No,No,4,Bi-Weekly
2076,26-35,Female,Handbag,Accessories,112.74,Florida,N/A,Blue,Winter,3,Yes,Credit Card,Free Shipping,Yes,No,5,Bi-Weekly
2077,56-65,Male,Sneakers,Footwear,10.0,Texas,S,Blue,Fall,4,No,PayPal,Express,No,No,8,Weekly
2078,26-35,Male,Music Album,Books & Media,17.71,California,N/A,N/A,Summer,5,No,Debit Card,Standard,No,No,5,Annually
2079,26-35,Male,Skincare,Beauty & Personal Care,41.36,Texas,N/A,N/A,Summer,5,No,Cash,Standard,No,No,11,Bi-Weekly
2080,46-55,Female,Tablet,Electronics,98.97,New York,N/A,N/A,Summer,5,No,Debit Card,Next Day Delivery,No,Yes,4,Quarterly
2081,26-35,Male,Action Figure,Toys & Games,31.53,Georgia,N/A,N/A,Winter,5,No,Cash,Free Shipping,No,Yes,7,Monthly
2082,36-45,Female,Garden Tools,Home & Garden,323.35,New York,N/A,N/A,Spring,5,No,Cash,Free Shipping,No,Yes,8,Monthly
2083,46-55,Female,Video Game,Toys & Games,57.1,Texas,N/A,N/A,Spring,5,Yes,Cash,Standard,No,No,6,Bi-Weekly
2084,65+,Male,Board Game,Toys & Games,10.92,North Carolina,N/A,N/A,Winter,5,Yes,PayPal,Express,Yes,No,3,Weekly
2085,56-65,Male,Running Shoes,Footwear,79.32,New York,S,White,Spring,5,Yes,Bank Transfer,Standard,No,No,7,Bi-Weekly
2086,56-65,Female,Board Game,Toys & Games,49.22,Pennsylvania,N/A,N/A,Spring,5,Yes,Debit Card,Next Day Delivery,No,No,5,Monthly
2087,56-65,Female,Boots,Footwear,142.52,California,L,Red,Summer,5,No,Cash,Express,Yes,No,8,Weekly
2088,56-65,Female,Running Shoes,Footwear,93.52,Georgia,XS,Red,Spring,4,No,Debit Card,Free Shipping,No,No,4,Bi-Weekly
2089,65+,Male,Decor,Home & Garden,171.99,California,N/A,N/A,Spring,3,Yes,Credit Card,Standard,No,No,7,Weekly
2090,65+,Female,Shirt,Clothing,57.57,Pennsylvania,S,Brown,Spring,3,No,Credit Card,Express,No,No,8,Quarterly
2091,18-25,Male,DVD,Books & Media,22.21,California,N/A,N/A,Spring,5,No,Cash,Next Day Delivery,No,No,6,Monthly
2092,46-55,Male,Smartwatch,Electronics,663.51,New Jersey,N/A,N/A,Fall,5,Yes,Debit Card,Next Day Delivery,No,No,4,Bi-Weekly
2093,18-25,Male,Action Figure,Toys & Games,11.11,Michigan,N/A,N/A,Winter,4,Yes,Debit Card,Free Shipping,No,No,9,Annually
2094,18-25,Male,Boots,Footwear,192.11,Illinois,XL,Green,Spring,5,No,Debit Card,Free Shipping,No,No,5,Quarterly
2095,18-25,Male,Video Game,Toys & Games,52.44,Georgia,N/A,N/A,Spring,5,No,Credit Card,Standard,No,Yes,5,Weekly
2096,65+,Male,Kitchenware,Home & Garden,81.52,Ohio,N/A,N/A,Fall,4,No,Debit Card,Standard,No,No,3,Monthly
2097,65+,Male,Puzzle,Toys & Games,37.32,North Carolina,N/A,N/A,Summer,4,No,PayPal,Free Shipping,Yes,No,5,Annually
2098,18-25,Male,Jewelry,Accessories,63.81,Florida,N/A,Brown,Fall,3,No,Bank Transfer,Express,No,No,7,Monthly
2099,36-45,Male,Dress,Clothing,120.76,Illinois,S,Brown,Winter,4,Yes,Credit Card,Standard,No,No,8,Quarterly
2100,18-25,Male,Makeup,Beauty & Personal Care,76.07,New York,N/A,N/A,Winter,5,Yes,Bank Transfer,Free Shipping,Yes,No,7,Annually
2101,36-45,Male,Blouse,Clothing,95.2,Michigan,XL,White,Summer,4,Yes,Credit Card,Standard,No,No,6,Monthly
2102,18-25,Male,Tablet,Electronics,591.61,Illinois,N/A,N/A,Spring,5,Yes,Bank Transfer,Standard,No,No,9,Monthly
2103,65+,Female,Kitchenware,Home & Garden,77.55,North Carolina,N/A,N/A,Winter,5,Yes,PayPal,Express,No,Yes,7,Annually
2104,26-35,Female,Makeup,Beauty & Personal Care,45.8,North Carolina,N/A,N/A,Spring,5,Yes,PayPal,Next Day Delivery,No,No,5,Bi-Weekly
2105,26-35,Male,Laptop,Electronics,262.36,Virginia,N/A,N/A,Winter,5,Yes,Bank Transfer,Next Day Delivery,No,No,4,Bi-Weekly
2106,56-65,Female,Bedding,Home & Garden,111.45,Illinois,N/A,N/A,Summer,5,No,Credit Card,Express,No,No,7,Quarterly
2107,65+,Female,Sandals,Footwear,159.73,Virginia,XL,Red,Summer,4,No,Credit Card,Next Day Delivery,Yes,No,4,Monthly
2108,18-25,Male,Novel,Books & Media,10.0,Ohio,N/A,N/A,Fall,4,No,PayPal,Express,Yes,No,4,Monthly
2109,36-45,Other,Furniture,Home & Garden,63.04,Florida,N/A,N/A,Winter,5,Yes,Cash,Next Day Delivery,Yes,Yes,7,Monthly
2110,56-65,Male,Sandals,Footwear,130.65,New York,XS,Gray,Spring,5,No,PayPal,Free Shipping,No,Yes,6,Monthly
2111,46-55,Other,Decor,Home & Garden,206.92,North Carolina,N/A,N/A,Spring,5,Yes,Cash,Standard,No,Yes,8,Monthly
2112,26-35,Male,Action Figure,Toys & Games,36.39,Illinois,N/A,N/A,Fall,5,Yes,Cash,Free Shipping,No,No,7,Annually
2113,65+,Male,Jeans,Clothing,39.21,Virginia,M,Black,Fall,4,No,Credit Card,Next Day Delivery,No,Yes,4,Bi-Weekly
2114,26-35,Female,Handbag,Accessories,149.08,Pennsylvania,N/A,White,Fall,4,Yes,Bank Transfer,Next Day Delivery,No,No,6,Weekly
2115,46-55,Female,Handbag,Accessories,89.56,Texas,N/A,Black,Spring,4,No,Bank Transfer,Free Shipping,No,No,8,Annually
2116,46-55,Female,Smartwatch,Electronics,680.86,California,N/A,N/A,Summer,5,No,Cash,Standard,No,Yes,6,Bi-Weekly
2117,46-55,Female,Handbag,Accessories,118.5,Ohio,N/A,Gray,Fall,5,No,Cash,Standard,No,No,5,Quarterly
2118,18-25,Male,Smartphone,Electronics,242.47,Michigan,N/A,N/A,Winter,5,No,Debit Card,Free Shipping,No,No,7,Weekly
2119,46-55,Male,Video Game,Toys & Games,33.58,North Carolina,N/A,N/A,Spring,5,No,Credit Card,Express,No,No,7,Bi-Weekly
2120,18-25,Male,Sweater,Clothing,25.29,Texas,M,Brown,Winter,5,Yes,Credit Card,Express,Yes,Yes,9,Annually
2121,56-65,Male,Pants,Clothing,145.39,Virginia,L,Blue,Winter,4,No,PayPal,Next Day Delivery,No,No,4,Monthly
2122,56-65,Male,Camera,Electronics,531.28,Ohio,N/A,N/A,Spring,5,No,Bank Transfer,Express,No,No,3,Quarterly
2123,36-45,Male,Camping Gear,Sports & Outdoors,84.09,California,N/A,N/A,Spring,5,No,Debit Card,Standard,No,Yes,6,Weekly
2124,56-65,Male,Furniture,Home & Garden,81.03,North Carolina,N/A,N/A,Fall,5,Yes,Cash,Express,No,No,9,Quarterly
2125,56-65,Male,DVD,Books & Media,13.62,California,N/A,N/A,Summer,5,No,PayPal,Express,No,No,6,Bi-Weekly
2126,65+,Female,Boots,Footwear,25.52,Michigan,XL,Green,Summer,5,Yes,Credit Card,Express,No,No,9,Quarterly
2127,36-45,Male,Sports Apparel,Sports & Outdoors,33.12,Ohio,N/A,N/A,Spring,5,Yes,Credit Card,Next Day Delivery,No,No,7,Weekly
2128,65+,Male,Kitchenware,Home & Garden,60.27,North Carolina,N/A,N/A,Winter,5,No,Credit Card,Next Day Delivery,No,No,9,Weekly
2129,36-45,Male,Jewelry,Accessories,41.31,Ohio,N/A,Red,Winter,5,No,Credit Card,Standard,No,No,4,Weekly
2130,65+,Male,Heels,Footwear,97.59,California,XS,White,Spring,5,No,Bank Transfer,Express,No,Yes,7,Monthly
2131,46-55,Male,Skincare,Beauty & Personal Care,72.68,California,N/A,N/A,Winter,5,Yes,Cash,Free Shipping,No,Yes,4,Weekly
2132,36-45,Female,Watch,Accessories,72.48,Florida,N/A,Brown,Summer,3,Yes,Debit Card,Next Day Delivery,No,No,5,Monthly
2133,18-25,Male,Makeup,Beauty & Personal Care,36.84,Ohio,N/A,N/A,Spring,3,No,PayPal,Free Shipping,No,No,7,Quarterly
2134,56-65,Male,Running Shoes,Footwear,89.14,New York,XL,Brown,Fall,5,No,Debit Card,Standard,No,Yes,7,Weekly
2135,26-35,Male,Garden Tools,Home & Garden,298.06,California,N/A,N/A,Winter,5,Yes,Cash,Next Day Delivery,No,No,5,Monthly
2136,26-35,Female,Magazine,Books & Media,10.0,Ohio,N/A,N/A,Spring,5,No,Cash,Express,No,No,8,Monthly
2137,56-65,Male,Smartphone,Electronics,480.43,Texas,N/A,N/A,Fall,5,No,PayPal,Standard,Yes,Yes,4,Annually
2138,18-25,Female,Puzzle,Toys & Games,37.7,Michigan,N/A,N/A,Spring,5,Yes,Debit Card,Next Day Delivery,No,No,9,Annually
2139,26-35,Female,Jeans,Clothing,94.01,Georgia,M,Green,Summer,4,Yes,PayPal,Free Shipping,Yes,No,8,Annually
2140,56-65,Male,Hair Care,Beauty & Personal Care,10.0,North Carolina,N/A,N/A,Winter,4,Yes,Credit Card,Next Day Delivery,No,No,5,Bi-Weekly
2141,56-65,Male,Bike,Sports & Outdoors,184.76,New Jersey,N/A,N/A,Summer,5,No,Cash,Next Day Delivery,No,No,5,Annually
2142,18-25,Male,Furniture,Home & Garden,189.98,North Carolina,N/A,N/A,Fall,4,No,Bank Transfer,Express,Yes,No,4,Bi-Weekly
2143,26-35,Male,Laptop,Electronics,489.89,New York,N/A,N/A,Fall,5,No,Cash,Free Shipping,Yes,Yes,4,Quarterly
2144,56-65,Female,Board Game,Toys & Games,35.54,Ohio,N/A,N/A,Spring,4,No,Bank Transfer,Free Shipping,No,No,6,Bi-Weekly
2145,46-55,Male,Tablet,Electronics,300.93,Ohio,N/A,N/A,Spring,5,No,PayPal,Express,No,No,8,Bi-Weekly
2146,36-45,Male,Action Figure,Toys & Games,27.48,North Carolina,N/A,N/A,Summer,4,No,Debit Card,Next Day Delivery,Yes,No,11,Bi-Weekly
2147,56-65,Female,Casual Shoes,Footwear,103.18,North Carolina,XS,Brown,Fall,5,No,Credit Card,Next Day Delivery,No,No,7,Quarterly
2148,65+,Male,Laptop,Electronics,719.94,Virginia,N/A,N/A,Winter,5,No,Debit Card,Standard,No,No,7,Annually
2149,26-35,Female,Hair Care,Beauty & Personal Care,34.83,North Carolina,N/A,N/A,Summer,5,No,PayPal,Next Day Delivery,No,No,6,Weekly
2150,56-65,Male,Fragrance,Beauty & Personal Care,48.41,Pennsylvania,N/A,N/A,Winter,5,No,Credit Card,Express,Yes,No,5,Weekly
2151,56-65,Male,Music Album,Books & Media,13.21,Texas,N/A,N/A,Summer,4,No,Cash,Next Day Delivery,No,No,8,Annually
2152,36-45,Female,Headphones,Electronics,532.82,New York,N/A,N/A,Fall,5,Yes,PayPal,Express,No,Yes,3,Bi-Weekly
2153,56-65,Male,Garden Tools,Home & Garden,93.66,Illinois,N/A,N/A,Spring,5,No,Credit Card,Express,No,No,6,Quarterly
2154,26-35,Female,Shirt,Clothing,91.71,New Jersey,XL,Red,Winter,5,Yes,PayPal,Standard,No,No,6,Weekly
2155,18-25,Female,Makeup,Beauty & Personal Care,62.56,Texas,N/A,N/A,Spring,5,Yes,Cash,Next Day Delivery,No,No,8,Weekly
2156,18-25,Male,Tablet,Electronics,153.56,North Carolina,N/A,N/A,Spring,5,Yes,Bank Transfer,Next Day Delivery,No,No,5,Weekly
2157,36-45,Male,Camera,Electronics,406.26,Pennsylvania,N/A,N/A,Spring,4,No,PayPal,Free Shipping,No,No,8,Bi-Weekly
2158,65+,Female,Action Figure,Toys & Games,24.92,Michigan,N/A,N/A,Winter,3,No,PayPal,Express,Yes,No,6,Weekly
2159,65+,Male,Camping Gear,Sports & Outdoors,62.0,New Jersey,N/A,N/A,Fall,4,No,Debit Card,Standard,No,No,7,Quarterly
2160,46-55,Male,DVD,Books & Media,10.0,Ohio,N/A,N/A,Summer,4,Yes,Credit Card,Free Shipping,Yes,No,7,Bi-Weekly
2161,65+,Male,Fragrance,Beauty & Personal Care,34.21,New Jersey,N/A,N/A,Summer,5,Yes,Bank Transfer,Express,No,Yes,8,Monthly
2162,18-25,Female,Board Game,Toys & Games,10.0,Virginia,N/A,N/A,Winter,5,No,PayPal,Free Shipping,No,No,9,Weekly
2163,26-35,Male,Headphones,Electronics,226.26,California,N/A,N/A,Winter,4,Yes,Bank Transfer,Next Day Delivery,No,No,7,Weekly
2164,26-35,Other,Handbag,Accessories,80.77,Georgia,N/A,White,Spring,5,Yes,Cash,Next Day Delivery,No,No,3,Monthly
2165,65+,Female,Boots,Footwear,124.63,Pennsylvania,L,Black,Winter,4,No,Bank Transfer,Standard,No,No,7,Quarterly
2166,18-25,Female,Handbag,Accessories,144.11,New Jersey,N/A,Black,Spring,4,No,Bank Transfer,Express,Yes,No,4,Weekly
2167,46-55,Male,Laptop,Electronics,293.73,Ohio,N/A,N/A,Summer,5,Yes,Bank Transfer,Next Day Delivery,No,No,5,Bi-Weekly
2168,46-55,Female,DVD,Books & Media,49.26,Ohio,N/A,N/A,Spring,4,No,Cash,Express,No,No,9,Quarterly
2169,18-25,Female,Puzzle,Toys & Games,19.51,Illinois,N/A,N/A,Fall,5,No,Bank Transfer,Standard,No,No,6,Bi-Weekly
2170,56-65,Female,Fitness Equipment,Sports & Outdoors,10.0,Florida,N/A,N/A,Winter,4,No,Debit Card,Standard,No,No,5,Weekly
2171,46-55,Female,Decor,Home & Garden,155.97,California,N/A,N/A,Summer,5,Yes,PayPal,Express,No,Yes,6,Monthly
2172,18-25,Female,Fragrance,Beauty & Personal Care,37.49,North Carolina,N/A,N/A,Spring,5,Yes,Cash,Free Shipping,Yes,No,5,Quarterly
2173,65+,Female,Action Figure,Toys & Games,34.92,Florida,N/A,N/A,Spring,5,Yes,Credit Card,Express,No,No,8,Weekly
2174,46-55,Female,Action Figure,Toys & Games,57.14,Texas,N/A,N/A,Summer,5,No,Debit Card,Free Shipping,Yes,No,3,Bi-Weekly
2175,56-65,Male,Puzzle,Toys & Games,40.94,Virginia,N/A,N/A,Winter,5,Yes,Bank Transfer,Free Shipping,No,Yes,10,Bi-Weekly
2176,46-55,Female,Belt,Accessories,114.91,New York,N/A,Black,Summer,3,Yes,Bank Transfer,Next Day Delivery,No,Yes,7,Quarterly
2177,18-25,Female,Camping Gear,Sports & Outdoors,172.78,Michigan,N/A,N/A,Winter,4,No,Credit Card,Free Shipping,No,Yes,5,Annually
2178,56-65,Female,Fragrance,Beauty & Personal Care,23.08,New Jersey,N/A,N/A,Spring,4,No,PayPal,Free Shipping,No,No,8,Weekly
2179,46-55,Female,Magazine,Books & Media,50.14,Ohio,N/A,N/A,Summer,5,Yes,Credit Card,Next Day Delivery,No,No,5,Weekly
2180,46-55,Male,Action Figure,Toys & Games,52.86,Texas,N/A,N/A,Summer,4,No,Cash,Express,Yes,No,3,Monthly
2181,36-45,Male,Sneakers,Footwear,193.03,Ohio,M,Black,Fall,4,No,Bank Transfer,Free Shipping,No,No,1,Weekly
2182,65+,Female,Bedding,Home & Garden,242.95,Michigan,N/A,N/A,Summer,5,No,Credit Card,Express,No,No,6,Weekly
2183,56-65,Female,Sandals,Footwear,48.74,Michigan,L,Red,Spring,5,No,Bank Transfer,Next Day Delivery,No,Yes,8,Bi-Weekly
2184,46-55,Male,Puzzle,Toys & Games,33.1,North Carolina,N/A,N/A,Spring,4,No,Cash,Express,No,No,2,Weekly
2185,36-45,Female,Sweater,Clothing,76.36,Virginia,S,Gray,Winter,5,Yes,Bank Transfer,Next Day Delivery,No,No,5,Annually
2186,36-45,Other,Sandals,Footwear,114.16,Michigan,M,Brown,Spring,4,No,Credit Card,Next Day Delivery,No,No,4,Monthly
2187,46-55,Male,Video Game,Toys & Games,33.73,California,N/A,N/A,Winter,5,Yes,Credit Card,Next Day Delivery,Yes,No,2,Bi-Weekly
2188,26-35,Male,Video Game,Toys & Games,25.21,Georgia,N/A,N/A,Winter,5,No,PayPal,Express,No,No,7,Annually
2189,65+,Male,Sneakers,Footwear,151.42,Michigan,L,Blue,Winter,5,No,Credit Card,Standard,Yes,No,11,Quarterly
2190,46-55,Other,Video Game,Toys & Games,38.57,Ohio,N/A,N/A,Summer,5,No,Bank Transfer,Free Shipping,No,No,3,Annually
2191,46-55,Female,Boots,Footwear,106.98,Pennsylvania,XL,Green,Summer,5,No,PayPal,Standard,No,Yes,6,Annually
2192,36-45,Female,Board Game,Toys & Games,57.23,Ohio,N/A,N/A,Summer,4,No,Cash,Next Day Delivery,No,No,6,Weekly
2193,65+,Female,Furniture,Home & Garden,46.82,New Jersey,N/A,N/A,Fall,5,No,PayPal,Free Shipping,No,No,6,Annually
2194,36-45,Female,Novel,Books & Media,36.99,California,N/A,N/A,Spring,4,No,Cash,Next Day Delivery,Yes,No,4,Annually
2195,26-35,Female,Sports Apparel,Sports & Outdoors,68.29,Illinois,N/A,N/A,Fall,5,No,Cash,Free Shipping,Yes,No,5,Quarterly
2196,56-65,Other,Makeup,Beauty & Personal Care,50.13,Florida,N/A,N/A,Fall,5,No,Bank Transfer,Next Day Delivery,No,No,3,Bi-Weekly
2197,65+,Female,Wallet,Accessories,113.72,Florida,N/A,Gray,Fall,5,Yes,PayPal,Express,No,Yes,5,Bi-Weekly
2198,56-65,Female,Headphones,Electronics,282.19,Ohio,N/A,N/A,Summer,5,Yes,Debit Card,Standard,No,Yes,4,Monthly
2199,26-35,Other,Puzzle,Toys & Games,57.99,Virginia,N/A,N/A,Winter,5,No,Cash,Next Day Delivery,No,Yes,7,Quarterly
2200,26-35,Male,Heels,Footwear,52.05,Michigan,S,Brown,Summer,5,No,Debit Card,Next Day Delivery,No,No,4,Weekly
2201,26-35,Male,Board Game,Toys & Games,53.09,North Carolina,N/A,N/A,Winter,5,No,Debit Card,Next Day Delivery,No,No,4,Weekly
2202,65+,Female,DVD,Books & Media,18.9,Ohio,N/A,N/A,Fall,5,No,Credit Card,Next Day Delivery,Yes,No,6,Quarterly
2203,65+,Female,Decor,Home & Garden,283.0,New York,N/A,N/A,Spring,4,No,Cash,Next Day Delivery,Yes,No,4,Annually
2204,18-25,Female,Board Game,Toys & Games,52.01,Texas,N/A,N/A,Winter,3,No,Bank Transfer,Free Shipping,No,No,5,Bi-Weekly
2205,18-25,Female,Belt,Accessories,41.67,Virginia,N/A,Blue,Summer,5,No,Debit Card,Standard,Yes,No,9,Weekly
2206,36-45,Female,Jewelry,Accessories,63.43,Illinois,N/A,Black,Fall,4,No,Debit Card,Free Shipping,No,No,6,Weekly
2207,36-45,Female,Camping Gear,Sports & Outdoors,91.55,Texas,N/A,N/A,Summer,3,Yes,Cash,Next Day Delivery,No,No,4,Annually
2208,26-35,Female,Fragrance,Beauty & Personal Care,25.35,Virginia,N/A,N/A,Spring,5,No,Cash,Free Shipping,No,No,4,Quarterly
2209,36-45,Male,Shirt,Clothing,86.29,Michigan,M,Brown,Summer,5,Yes,Credit Card,Next Day Delivery,Yes,Yes,1,Weekly
2210,18-25,Female,Camping Gear,Sports & Outdoors,46.84,Georgia,N/A,N/A,Winter,5,Yes,Bank Transfer,Standard,Yes,No,7,Annually
2211,56-65,Male,Novel,Books & Media,22.87,Michigan,N/A,N/A,Summer,4,No,PayPal,Standard,No,No,9,Monthly
2212,36-45,Male,Boots,Footwear,133.51,North Carolina,XL,Green,Fall,5,No,PayPal,Express,Yes,No,6,Bi-Weekly
2213,36-45,Female,Video Game,Toys & Games,12.22,Ohio,N/A,N/A,Spring,5,No,Debit Card,Free Shipping,No,No,3,Quarterly
2214,56-65,Male,DVD,Books & Media,14.23,Illinois,N/A,N/A,Summer,5,No,Cash,Free Shipping,Yes,No,9,Monthly
2215,56-65,Other,Sports Apparel,Sports & Outdoors,205.77,North Carolina,N/A,N/A,Fall,4,Yes,Bank Transfer,Free Shipping,No,Yes,7,Monthly
2216,36-45,Female,Kitchenware,Home & Garden,106.44,North Carolina,N/A,N/A,Summer,5,Yes,Debit Card,Standard,No,No,5,Weekly
2217,65+,Female,Hair Care,Beauty & Personal Care,63.63,California,N/A,N/A,Summer,5,Yes,Credit Card,Standard,No,No,5,Weekly
2218,26-35,Male,Decor,Home & Garden,215.97,New Jersey,N/A,N/A,Summer,5,Yes,Bank Transfer,Express,No,No,7,Weekly
2219,26-35,Female,Casual Shoes,Footwear,143.01,Texas,M,Brown,Fall,5,No,Credit Card,Express,No,No,5,Weekly
2220,36-45,Female,Bike,Sports & Outdoors,211.74,California,N/A,N/A,Summer,4,No,PayPal,Express,No,No,4,Weekly
2221,36-45,Male,Decor,Home & Garden,186.17,North Carolina,N/A,N/A,Winter,4,No,PayPal,Free Shipping,Yes,No,5,Bi-Weekly
2222,46-55,Male,Jewelry,Accessories,103.98,Georgia,N/A,Gray,Winter,4,No,Debit Card,Free Shipping,No,No,16,Bi-Weekly
2223,65+,Female,Pants,Clothing,71.16,Pennsylvania,XL,Gray,Summer,5,No,Debit Card,Next Day Delivery,No,No,9,Bi-Weekly
2224,18-25,Male,Action Figure,Toys & Games,11.39,Florida,N/A,N/A,Spring,4,No,Cash,Express,Yes,No,9,Weekly
2225,26-35,Female,Belt,Accessories,141.08,Florida,N/A,Brown,Spring,5,No,Debit Card,Standard,No,No,5,Weekly
2226,46-55,Other,Shirt,Clothing,61.63,North Carolina,S,Red,Fall,3,No,PayPal,Express,No,No,9,Bi-Weekly
2227,65+,Female,Video Game,Toys & Games,36.1,Pennsylvania,N/A,N/A,Spring,5,Yes,Bank Transfer,Express,No,No,7,Quarterly
2228,46-55,Male,Board Game,Toys & Games,23.23,New Jersey,N/A,N/A,Winter,5,No,Cash,Express,No,No,4,Monthly
2229,46-55,Female,DVD,Books & Media,27.15,Illinois,N/A,N/A,Fall,5,No,Bank Transfer,Next Day Delivery,Yes,Yes,7,Quarterly
2230,26-35,Male,Makeup,Beauty & Personal Care,26.54,Michigan,N/A,N/A,Spring,4,No,Debit Card,Express,No,Yes,2,Annually
2231,18-25,Male,Video Game,Toys & Games,33.43,Ohio,N/A,N/A,Summer,5,Yes,Credit Card,Free Shipping,Yes,No,6,Weekly
2232,56-65,Male,Casual Shoes,Footwear,85.88,Georgia,XS,Gray,Winter,5,No,Cash,Standard,Yes,No,5,Quarterly
2233,65+,Male,Handbag,Accessories,65.46,Georgia,N/A,Brown,Summer,4,No,Bank Transfer,Express,Yes,Yes,6,Weekly
2234,36-45,Male,Boots,Footwear,96.22,Florida,XL,Green,Summer,5,No,PayPal,Express,No,No,2,Weekly
2235,65+,Other,Hair Care,Beauty & Personal Care,41.49,New Jersey,N/A,N/A,Spring,5,No,Debit Card,Express,No,Yes,5,Annually
2236,56-65,Male,Boots,Footwear,99.08,Florida,M,Gray,Fall,4,No,Cash,Express,No,Yes,10,Monthly
2237,56-65,Female,Decor,Home & Garden,146.32,Ohio,N/A,N/A,Spring,4,No,PayPal,Free Shipping,No,No,6,Quarterly
2238,26-35,Male,Heels,Footwear,150.56,Illinois,S,Black,Fall,5,Yes,Debit Card,Next Day Delivery,No,No,6,Annually
2239,46-55,Male,Laptop,Electronics,670.72,Georgia,N/A,N/A,Winter,5,Yes,Credit Card,Express,No,Yes,7,Annually
2240,26-35,Female,Novel,Books & Media,25.0,Florida,N/A,N/A,Spring,5,No,Debit Card,Express,Yes,No,6,Annually
2241,46-55,Male,Video Game,Toys & Games,62.24,Virginia,N/A,N/A,Spring,5,No,Cash,Free Shipping,Yes,No,3,Monthly
2242,26-35,Male,Action Figure,Toys & Games,40.5,Florida,N/A,N/A,Summer,5,Yes,Credit Card,Standard,Yes,Yes,9,Bi-Weekly
2243,36-45,Male,Skincare,Beauty & Personal Care,66.7,North Carolina,N/A,N/A,Summer,5,No,Cash,Standard,No,No,4,Weekly
2244,36-45,Female,Video Game,Toys & Games,29.67,Michigan,N/A,N/A,Winter,5,No,Bank Transfer,Free Shipping,Yes,No,6,Monthly
2245,65+,Male,Wallet,Accessories,122.76,Virginia,N/A,Gray,Fall,4,No,Bank Transfer,Next Day Delivery,No,Yes,5,Bi-Weekly
2246,26-35,Female,Video Game,Toys & Games,32.11,California,N/A,N/A,Spring,5,Yes,Cash,Standard,No,No,5,Monthly
2247,36-45,Male,Jewelry,Accessories,12.0,New Jersey,N/A,Black,Fall,4,No,Credit Card,Free Shipping,No,Yes,6,Weekly
2248,36-45,Female,Boots,Footwear,142.51,Virginia,XL,Brown,Spring,4,Yes,Credit Card,Express,No,No,12,Annually
2249,26-35,Male,Fitness Equipment,Sports & Outdoors,166.85,Texas,N/A,N/A,Fall,4,No,Cash,Free Shipping,Yes,No,6,Monthly
2250,65+,Female,Action Figure,Toys & Games,27.11,California,N/A,N/A,Summer,5,No,Credit Card,Free Shipping,Yes,Yes,8,Quarterly
2251,18-25,Male,Wallet,Accessories,114.39,Michigan,N/A,Red,Spring,4,No,Bank Transfer,Standard,Yes,Yes,10,Bi-Weekly
2252,46-55,Male,Jeans,Clothing,52.76,Florida,S,Black,Summer,4,Yes,Cash,Standard,No,No,8,Quarterly
2253,46-55,Female,Magazine,Books & Media,25.94,California,N/A,N/A,Spring,5,No,Bank Transfer,Standard,No,No,5,Weekly
2254,18-25,Male,Fragrance,Beauty & Personal Care,25.52,Texas,N/A,N/A,Summer,5,No,Cash,Standard,No,No,6,Weekly
2255,56-65,Male,Jacket,Clothing,89.33,Florida,M,Gray,Winter,5,No,Cash,Express,No,No,6,Annually
2256,65+,Male,Watch,Accessories,37.21,Illinois,N/A,Green,Summer,5,No,PayPal,Free Shipping,Yes,No,8,Monthly
2257,26-35,Male,Board Game,Toys & Games,38.09,New Jersey,N/A,N/A,Summer,5,No,PayPal,Next Day Delivery,No,Yes,6,Annually
2258,18-25,Male,Sandals,Footwear,207.21,Florida,XS,Black,Fall,5,No,Credit Card,Free Shipping,No,Yes,6,Annually
2259,26-35,Male,Fitness Equipment,Sports & Outdoors,124.1,Michigan,N/A,N/A,Fall,3,Yes,Cash,Express,No,No,11,Annually
2260,36-45,Female,Makeup,Beauty & Personal Care,51.26,California,N/A,N/A,Summer,5,No,Debit Card,Next Day Delivery,No,No,2,Quarterly
2261,18-25,Female,Blouse,Clothing,78.47,New York,XL,Green,Fall,4,No,Cash,Free Shipping,No,No,7,Weekly
2262,18-25,Male,Jewelry,Accessories,54.66,Texas,N/A,White,Fall,5,Yes,Cash,Free Shipping,No,No,4,Monthly
2263,56-65,Female,Sports Apparel,Sports & Outdoors,102.99,Ohio,N/A,N/A,Fall,4,No,Cash,Express,No,Yes,7,Weekly
2264,36-45,Male,Camera,Electronics,486.86,Florida,N/A,N/A,Spring,3,No,Cash,Free Shipping,Yes,No,6,Weekly
2265,46-55,Male,Headphones,Electronics,68.65,Michigan,N/A,N/A,Summer,4,No,PayPal,Express,No,Yes,4,Annually
2266,46-55,Male,Furniture,Home & Garden,200.69,Florida,N/A,N/A,Spring,5,No,PayPal,Standard,No,No,4,Quarterly
2267,46-55,Male,Jacket,Clothing,34.34,New York,S,White,Fall,4,Yes,Bank Transfer,Standard,No,No,4,Monthly
2268,36-45,Male,Kitchenware,Home & Garden,119.73,New Jersey,N/A,N/A,Spring,5,No,Cash,Next Day Delivery,No,No,6,Weekly
2269,26-35,Male,Shirt,Clothing,91.16,California,XL,Blue,Winter,4,No,PayPal,Free Shipping,Yes,No,5,Monthly
2270,46-55,Female,Garden Tools,Home & Garden,85.66,Texas,N/A,N/A,Fall,5,Yes,PayPal,Next Day Delivery,No,Yes,3,Monthly
2271,36-45,Male,Makeup,Beauty & Personal Care,62.75,New York,N/A,N/A,Fall,4,Yes,PayPal,Standard,No,Yes,2,Bi-Weekly
2272,36-45,Male,Music Album,Books & Media,18.94,California,N/A,N/A,Spring,5,No,Credit Card,Standard,Yes,No,6,Weekly
2273,56-65,Female,Smartphone,Electronics,310.82,New York,N/A,N/A,Spring,3,No,PayPal,Express,No,No,5,Weekly
2274,46-55,Male,Hair Care,Beauty & Personal Care,37.64,Texas,N/A,N/A,Winter,4,Yes,Cash,Free Shipping,No,No,7,Annually
2275,18-25,Male,Board Game,Toys & Games,37.55,North Carolina,N/A,N/A,Spring,5,No,Debit Card,Free Shipping,No,No,6,Weekly
2276,26-35,Male,Blouse,Clothing,56.96,Virginia,XS,Blue,Spring,5,No,PayPal,Standard,No,No,6,Bi-Weekly
2277,56-65,Male,Jacket,Clothing,83.81,Georgia,XS,White,Spring,4,No,PayPal,Express,No,No,6,Monthly
2278,18-25,Male,Blouse,Clothing,56.44,Illinois,M,Green,Fall,5,No,PayPal,Next Day Delivery,Yes,No,4,Bi-Weekly
2279,46-55,Male,Sneakers,Footwear,73.68,Virginia,S,Black,Spring,4,Yes,Bank Transfer,Free Shipping,No,No,9,Bi-Weekly
2280,36-45,Male,Puzzle,Toys & Games,50.1,Georgia,N/A,N/A,Winter,5,Yes,PayPal,Next Day Delivery,No,No,4,Quarterly
2281,18-25,Male,Watch,Accessories,143.98,North Carolina,N/A,Black,Fall,5,Yes,Cash,Express,No,Yes,11,Annually
2282,46-55,Male,Heels,Footwear,72.18,Illinois,L,Red,Winter,5,Yes,Cash,Standard,No,No,4,Monthly
2283,56-65,Female,Smartwatch,Electronics,10.0,New York,N/A,N/A,Summer,5,No,PayPal,Standard,No,No,7,Weekly
2284,18-25,Male,Bedding,Home & Garden,176.01,Ohio,N/A,N/A,Winter,4,Yes,Credit Card,Next Day Delivery,Yes,No,5,Monthly
2285,65+,Male,Blouse,Clothing,66.71,Texas,XS,Black,Winter,4,Yes,Bank Transfer,Free Shipping,No,No,6,Quarterly
2286,18-25,Male,Furniture,Home & Garden,86.43,California,N/A,N/A,Fall,4,No,Bank Transfer,Express,No,No,9,Annually
2287,56-65,Female,Camera,Electronics,343.01,Michigan,N/A,N/A,Fall,5,No,Bank Transfer,Standard,Yes,No,6,Monthly
2288,26-35,Male,Headphones,Electronics,620.08,Florida,N/A,N/A,Spring,3,No,Debit Card,Standard,No,Yes,6,Annually
2289,36-45,Female,Music Album,Books & Media,15.75,Michigan,N/A,N/A,Winter,5,No,Cash,Standard,Yes,No,7,Bi-Weekly
2290,46-55,Male,Novel,Books & Media,34.34,Ohio,N/A,N/A,Winter,5,No,Bank Transfer,Next Day Delivery,No,Yes,3,Weekly
2291,46-55,Male,Skincare,Beauty & Personal Care,53.03,Florida,N/A,N/A,Summer,5,No,PayPal,Next Day Delivery,No,No,9,Weekly
2292,46-55,Male,DVD,Books & Media,26.37,New York,N/A,N/A,Summer,5,Yes,Cash,Next Day Delivery,No,No,7,Quarterly
2293,26-35,Male,Wallet,Accessories,65.82,Virginia,N/A,Green,Fall,4,Yes,Bank Transfer,Standard,Yes,No,8,Annually
2294,46-55,Male,Shirt,Clothing,100.92,Virginia,M,White,Winter,5,No,Cash,Standard,No,No,9,Bi-Weekly
2295,46-55,Female,Sweater,Clothing,56.3,Georgia,XL,Brown,Summer,5,No,Credit Card,Standard,No,No,4,Quarterly
2296,18-25,Male,Casual Shoes,Footwear,156.72,New Jersey,XS,Gray,Fall,5,No,Credit Card,Standard,No,No,4,Bi-Weekly
2297,36-45,Female,Video Game,Toys & Games,28.31,Florida,N/A,N/A,Spring,5,No,Credit Card,Free Shipping,Yes,No,7,Weekly
2298,65+,Male,Puzzle,Toys & Games,28.76,New Jersey,N/A,N/A,Spring,5,Yes,Credit Card,Free Shipping,No,No,3,Monthly
2299,36-45,Female,Action Figure,Toys & Games,21.16,Florida,N/A,N/A,Spring,5,No,PayPal,Next Day Delivery,No,No,5,Annually
2300,56-65,Male,Belt,Accessories,125.24,Georgia,N/A,Green,Fall,4,No,PayPal,Standard,No,No,7,Annually
2301,26-35,Female,Blouse,Clothing,23.11,California,M,Green,Spring,5,Yes,PayPal,Free Shipping,No,No,5,Monthly
2302,46-55,Male,Laptop,Electronics,467.4,New York,N/A,N/A,Winter,5,No,Bank Transfer,Standard,Yes,Yes,10,Monthly
2303,56-65,Female,Skincare,Beauty & Personal Care,24.93,New Jersey,N/A,N/A,Spring,5,No,Cash,Free Shipping,No,Yes,5,Annually
2304,36-45,Other,Running Shoes,Footwear,169.45,New Jersey,L,Green,Summer,3,No,PayPal,Free Shipping,Yes,No,3,Annually
2305,65+,Male,Novel,Books & Media,12.12,Illinois,N/A,N/A,Spring,5,No,Bank Transfer,Next Day Delivery,Yes,No,4,Bi-Weekly
2306,65+,Male,Headphones,Electronics,339.97,Texas,N/A,N/A,Winter,5,No,Credit Card,Next Day Delivery,No,Yes,4,Quarterly
2307,18-25,Female,Magazine,Books & Media,15.32,Florida,N/A,N/A,Winter,5,No,Debit Card,Express,Yes,No,5,Monthly
2308,65+,Other,Hair Care,Beauty & Personal Care,25.84,Texas,N/A,N/A,Winter,5,Yes,Bank Transfer,Free Shipping,No,No,3,Bi-Weekly
2309,36-45,Female,Sweater,Clothing,62.66,Ohio,M,Brown,Winter,5,No,PayPal,Express,No,No,5,Monthly
2310,56-65,Male,Skincare,Beauty & Personal Care,18.56,Illinois,N/A,N/A,Winter,5,No,Bank Transfer,Next Day Delivery,No,No,4,Bi-Weekly
2311,18-25,Male,Novel,Books & Media,19.19,Florida,N/A,N/A,Fall,4,Yes,Credit Card,Free Shipping,Yes,No,3,Bi-Weekly
2312,26-35,Male,Camping Gear,Sports & Outdoors,157.11,New Jersey,N/A,N/A,Winter,4,No,Debit Card,Express,Yes,No,4,Weekly
2313,56-65,Male,Sunglasses,Accessories,112.76,North Carolina,N/A,Red,Summer,5,No,Bank Transfer,Standard,No,Yes,5,Quarterly
2314,26-35,Male,Bedding,Home & Garden,36.95,Georgia,N/A,N/A,Summer,5,No,Bank Transfer,Free Shipping,Yes,No,5,Annually
2315,56-65,Other,Tablet,Electronics,497.33,California,N/A,N/A,Spring,5,No,Credit Card,Next Day Delivery,Yes,Yes,5,Weekly
2316,26-35,Male,Smartwatch,Electronics,167.67,Virginia,N/A,N/A,Summer,5,No,Debit Card,Express,Yes,No,5,Bi-Weekly
2317,65+,Male,Skincare,Beauty & Personal Care,61.72,New York,N/A,N/A,Summer,4,Yes,PayPal,Free Shipping,Yes,No,5,Weekly
2318,36-45,Female,Boots,Footwear,143.84,California,M,Blue,Spring,5,No,PayPal,Next Day Delivery,Yes,No,5,Weekly
2319,26-35,Male,Sports Apparel,Sports & Outdoors,16.5,Illinois,N/A,N/A,Winter,4,No,Cash,Next Day Delivery,No,No,4,Weekly
2320,56-65,Female,Tablet,Electronics,535.38,Pennsylvania,N/A,N/A,Spring,5,No,Cash,Next Day Delivery,No,No,5,Monthly
2321,18-25,Male,Fragrance,Beauty & Personal Care,76.64,Texas,N/A,N/A,Winter,5,No,PayPal,Standard,No,No,8,Annually
2322,26-35,Female,Garden Tools,Home & Garden,286.08,North Carolina,N/A,N/A,Spring,5,No,Bank Transfer,Standard,Yes,No,6,Quarterly
2323,46-55,Female,Action Figure,Toys & Games,18.62,Texas,N/A,N/A,Fall,4,No,Credit Card,Free Shipping,Yes,No,7,Monthly
2324,46-55,Female,Board Game,Toys & Games,51.38,New York,N/A,N/A,Fall,5,No,Bank Transfer,Express,No,No,5,Quarterly
2325,65+,Female,Hair Care,Beauty & Personal Care,53.71,North Carolina,N/A,N/A,Winter,4,Yes,Bank Transfer,Express,Yes,No,5,Annually
2326,46-55,Male,Video Game,Toys & Games,36.98,Illinois,N/A,N/A,Winter,4,No,Bank Transfer,Next Day Delivery,No,No,12,Weekly
2327,36-45,Male,Sports Apparel,Sports & Outdoors,88.32,Pennsylvania,N/A,N/A,Spring,5,Yes,Credit Card,Standard,Yes,No,4,Annually
2328,26-35,Male,Sneakers,Footwear,153.72,New Jersey,L,Blue,Summer,4,No,PayPal,Standard,No,No,5,Monthly
2329,18-25,Other,Tablet,Electronics,181.13,Texas,N/A,N/A,Winter,5,No,Credit Card,Express,No,Yes,7,Annually
2330,56-65,Male,Video Game,Toys & Games,48.96,New York,N/A,N/A,Winter,5,No,Debit Card,Express,No,No,7,Quarterly
2331,65+,Male,Sneakers,Footwear,181.89,North Carolina,XL,Blue,Fall,5,No,Debit Card,Standard,No,No,8,Quarterly
2332,46-55,Male,Shirt,Clothing,86.93,California,XL,Gray,Fall,5,No,Cash,Next Day Delivery,No,Yes,3,Annually
2333,56-65,Male,Kitchenware,Home & Garden,135.73,California,N/A,N/A,Fall,5,No,PayPal,Free Shipping,No,No,7,Monthly
2334,65+,Female,Video Game,Toys & Games,38.78,Ohio,N/A,N/A,Winter,5,No,PayPal,Standard,Yes,Yes,6,Monthly
2335,46-55,Female,Kitchenware,Home & Garden,215.66,California,N/A,N/A,Fall,4,Yes,Debit Card,Free Shipping,No,Yes,5,Monthly
2336,46-55,Female,DVD,Books & Media,24.07,North Carolina,N/A,N/A,Spring,4,No,Bank Transfer,Free Shipping,Yes,No,3,Monthly
2337,36-45,Male,Handbag,Accessories,89.14,North Carolina,N/A,Brown,Spring,4,No,PayPal,Express,No,No,4,Bi-Weekly
2338,36-45,Female,Bedding,Home & Garden,265.14,Ohio,N/A,N/A,Summer,3,No,Cash,Free Shipping,No,No,4,Monthly
2339,65+,Female,Furniture,Home & Garden,241.88,Texas,N/A,N/A,Winter,5,No,Debit Card,Next Day Delivery,No,No,5,Bi-Weekly
2340,18-25,Male,Jeans,Clothing,51.7,New Jersey,L,White,Summer,5,Yes,Credit Card,Express,No,No,4,Bi-Weekly
2341,36-45,Female,Heels,Footwear,130.07,Ohio,L,Gray,Winter,3,Yes,Debit Card,Free Shipping,Yes,No,5,Bi-Weekly
2342,36-45,Female,Tablet,Electronics,657.36,California,N/A,N/A,Spring,5,Yes,Credit Card,Express,No,No,8,Monthly
2343,65+,Male,Smartphone,Electronics,273.63,Pennsylvania,N/A,N/A,Fall,5,No,Bank Transfer,Free Shipping,No,No,5,Weekly
2344,18-25,Female,Board Game,Toys & Games,47.67,Texas,N/A,N/A,Winter,5,No,Bank Transfer,Free Shipping,No,No,7,Quarterly
2345,65+,Female,Magazine,Books & Media,30.51,New York,N/A,N/A,Spring,5,Yes,Cash,Next Day Delivery,Yes,No,6,Quarterly
2346,18-25,Female,Bedding,Home & Garden,237.09,Florida,N/A,N/A,Winter,5,Yes,Debit Card,Express,No,No,4,Quarterly
2347,18-25,Female,Casual Shoes,Footwear,189.58,Texas,S,Black,Summer,4,No,Bank Transfer,Next Day Delivery,No,Yes,8,Bi-Weekly
2348,65+,Female,DVD,Books & Media,24.12,New York,N/A,N/A,Winter,5,No,Debit Card,Free Shipping,No,No,7,Annually
2349,18-25,Female,DVD,Books & Media,23.86,New Jersey,N/A,N/A,Summer,4,No,Debit Card,Next Day Delivery,No,No,8,Annually
2350,26-35,Female,Kitchenware,Home & Garden,155.72,Texas,N/A,N/A,Summer,4,No,Bank Transfer,Next Day Delivery,No,No,5,Monthly
2351,36-45,Female,Furniture,Home & Garden,445.0,California,N/A,N/A,Winter,5,Yes,Debit Card,Next Day Delivery,No,Yes,6,Monthly
2352,36-45,Female,DVD,Books & Media,26.82,Virginia,N/A,N/A,Summer,3,No,Cash,Standard,Yes,No,4,Weekly
2353,26-35,Female,Handbag,Accessories,68.58,Virginia,N/A,Red,Fall,5,Yes,Bank Transfer,Free Shipping,No,Yes,8,Annually
2354,65+,Male,Tablet,Electronics,550.89,Georgia,N/A,N/A,Winter,4,No,Cash,Express,Yes,No,3,Monthly
2355,65+,Male,Heels,Footwear,165.05,Florida,XS,White,Winter,4,No,Cash,Standard,No,No,5,Quarterly
2356,36-45,Male,Jeans,Clothing,56.58,North Carolina,XS,Brown,Spring,3,No,Bank Transfer,Free Shipping,No,No,8,Bi-Weekly
2357,18-25,Female,Decor,Home & Garden,60.05,Virginia,N/A,N/A,Summer,5,Yes,Credit Card,Free Shipping,No,No,6,Annually
2358,26-35,Male,Camping Gear,Sports & Outdoors,88.81,Illinois,N/A,N/A,Summer,5,No,Debit Card,Express,Yes,No,5,Monthly
2359,18-25,Male,Blouse,Clothing,57.82,Virginia,XS,Green,Spring,5,Yes,PayPal,Free Shipping,No,No,9,Quarterly
2360,56-65,Female,Garden Tools,Home & Garden,124.12,Texas,N/A,N/A,Winter,5,No,Debit Card,Express,No,No,6,Monthly
2361,36-45,Male,Decor,Home & Garden,10.0,Illinois,N/A,N/A,Fall,5,No,PayPal,Standard,No,No,9,Annually
2362,26-35,Female,Puzzle,Toys & Games,19.02,Virginia,N/A,N/A,Spring,4,No,PayPal,Express,No,No,6,Quarterly
2363,65+,Female,Board Game,Toys & Games,46.62,California,N/A,N/A,Fall,4,Yes,Cash,Standard,Yes,No,5,Bi-Weekly
2364,56-65,Female,DVD,Books & Media,26.18,North Carolina,N/A,N/A,Winter,5,No,Bank Transfer,Free Shipping,Yes,No,8,Annually
2365,56-65,Female,Action Figure,Toys & Games,16.66,Virginia,N/A,N/A,Spring,4,No,Debit Card,Next Day Delivery,No,No,6,Quarterly
2366,56-65,Male,Heels,Footwear,55.56,Texas,M,Brown,Winter,5,No,Cash,Next Day Delivery,No,No,11,Quarterly
2367,26-35,Female,Blouse,Clothing,121.57,Texas,XL,Green,Winter,5,No,Debit Card,Express,No,No,3,Monthly
2368,26-35,Male,Belt,Accessories,60.96,New Jersey,N/A,White,Winter,5,No,Cash,Express,No,No,6,Bi-Weekly
2369,56-65,Male,Laptop,Electronics,10.0,Texas,N/A,N/A,Winter,4,No,Credit Card,Free Shipping,No,No,6,Bi-Weekly
2370,56-65,Female,Handbag,Accessories,133.49,North Carolina,N/A,Brown,Spring,5,No,Bank Transfer,Express,No,No,4,Bi-Weekly
2371,26-35,Female,Smartphone,Electronics,528.05,Texas,N/A,N/A,Spring,5,No,Cash,Express,No,No,4,Bi-Weekly
2372,18-25,Male,Shirt,Clothing,97.87,Virginia,XL,Red,Winter,4,No,PayPal,Free Shipping,No,No,4,Weekly
2373,18-25,Female,Sweater,Clothing,57.77,New Jersey,XL,Gray,Winter,5,No,PayPal,Standard,No,No,8,Weekly
2374,56-65,Male,Headphones,Electronics,910.19,New York,N/A,N/A,Fall,5,Yes,PayPal,Standard,Yes,No,10,Monthly
2375,18-25,Female,Belt,Accessories,157.23,Illinois,N/A,Blue,Summer,5,No,Credit Card,Standard,No,Yes,2,Quarterly
2376,36-45,Female,Makeup,Beauty & Personal Care,75.36,New York,N/A,N/A,Fall,5,No,Debit Card,Free Shipping,No,Yes,5,Annually
2377,36-45,Female,Smartphone,Electronics,547.46,California,N/A,N/A,Summer,5,Yes,Credit Card,Free Shipping,No,No,3,Quarterly
2378,26-35,Female,Dress,Clothing,57.38,Illinois,M,Gray,Winter,5,No,PayPal,Standard,No,No,4,Monthly
2379,18-25,Female,Jacket,Clothing,84.83,Ohio,L,Red,Fall,4,No,Credit Card,Standard,Yes,Yes,8,Weekly
2380,65+,Male,Hair Care,Beauty & Personal Care,19.01,Illinois,N/A,N/A,Spring,5,No,Credit Card,Express,Yes,No,7,Monthly
2381,18-25,Female,DVD,Books & Media,28.99,Texas,N/A,N/A,Winter,4,Yes,Bank Transfer,Next Day Delivery,Yes,No,3,Annually
2382,46-55,Male,Sweater,Clothing,73.15,Michigan,XS,Blue,Summer,4,No,PayPal,Free Shipping,No,No,3,Annually
2383,26-35,Female,Garden Tools,Home & Garden,56.21,Florida,N/A,N/A,Winter,5,No,Bank Transfer,Free Shipping,Yes,No,9,Bi-Weekly
2384,46-55,Male,Novel,Books & Media,23.55,North Carolina,N/A,N/A,Summer,5,Yes,Bank Transfer,Free Shipping,No,No,7,Annually
2385,56-65,Male,Board Game,Toys & Games,28.76,Georgia,N/A,N/A,Winter,5,No,Bank Transfer,Standard,No,No,6,Monthly
2386,18-25,Female,Bike,Sports & Outdoors,10.0,Florida,N/A,N/A,Fall,4,No,PayPal,Standard,No,No,6,Annually
2387,46-55,Female,Skincare,Beauty & Personal Care,37.16,Virginia,N/A,N/A,Summer,4,Yes,Cash,Standard,Yes,No,5,Weekly
2388,26-35,Female,Hair Care,Beauty & Personal Care,38.14,Georgia,N/A,N/A,Summer,5,No,PayPal,Standard,No,No,3,Monthly
2389,18-25,Other,Board Game,Toys & Games,41.54,Michigan,N/A,N/A,Fall,5,No,Cash,Standard,Yes,No,11,Quarterly
2390,36-45,Male,Sports Apparel,Sports & Outdoors,166.34,Texas,N/A,N/A,Winter,5,No,PayPal,Free Shipping,No,Yes,5,Monthly
2391,65+,Female,Camera,Electronics,546.91,Virginia,N/A,N/A,Summer,4,Yes,PayPal,Next Day Delivery,No,Yes,8,Quarterly
2392,56-65,Male,Sneakers,Footwear,202.75,Texas,XL,Gray,Summer,3,Yes,Debit Card,Standard,No,Yes,4,Annually
2393,65+,Male,Makeup,Beauty & Personal Care,85.86,Ohio,N/A,N/A,Fall,4,No,Cash,Express,Yes,No,6,Bi-Weekly
2394,56-65,Male,DVD,Books & Media,21.52,North Carolina,N/A,N/A,Spring,4,No,PayPal,Standard,No,No,4,Monthly
2395,65+,Female,Sports Apparel,Sports & Outdoors,142.86,Florida,N/A,N/A,Spring,4,No,Bank Transfer,Next Day Delivery,No,No,4,Monthly
2396,36-45,Male,Novel,Books & Media,24.19,Pennsylvania,N/A,N/A,Winter,5,No,Bank Transfer,Express,Yes,Yes,5,Weekly
2397,56-65,Male,Boots,Footwear,224.93,Pennsylvania,L,Brown,Spring,5,No,Bank Transfer,Standard,No,Yes,6,Weekly
2398,18-25,Female,Makeup,Beauty & Personal Care,17.69,Virginia,N/A,N/A,Fall,5,Yes,PayPal,Next Day Delivery,No,No,4,Weekly
2399,46-55,Male,Boots,Footwear,73.28,Florida,M,Brown,Winter,3,No,Cash,Express,No,Yes,2,Annually
2400,56-65,Male,Sports Apparel,Sports & Outdoors,153.49,California,N/A,N/A,Spring,5,No,Credit Card,Free Shipping,No,No,4,Annually
2401,65+,Male,Action Figure,Toys & Games,23.33,Florida,N/A,N/A,Fall,4,No,PayPal,Express,No,No,4,Weekly
2402,26-35,Female,Skincare,Beauty & Personal Care,62.0,Ohio,N/A,N/A,Fall,5,No,Credit Card,Free Shipping,No,No,6,Weekly
2403,18-25,Male,Fitness Equipment,Sports & Outdoors,92.32,Texas,N/A,N/A,Spring,5,Yes,Bank Transfer,Next Day Delivery,No,No,6,Weekly
2404,56-65,Female,Heels,Footwear,74.18,Texas,XS,Blue,Summer,3,No,PayPal,Standard,No,No,3,Weekly
2405,65+,Female,Camping Gear,Sports & Outdoors,183.31,Georgia,N/A,N/A,Spring,4,Yes,Bank Transfer,Express,No,No,7,Bi-Weekly
2406,18-25,Male,Jacket,Clothing,96.81,Texas,L,Green,Fall,3,No,Credit Card,Standard,No,Yes,6,Quarterly
2407,36-45,Male,Smartwatch,Electronics,608.39,Michigan,N/A,N/A,Fall,5,No,Bank Transfer,Next Day Delivery,No,No,6,Monthly
2408,26-35,Female,Running Shoes,Footwear,203.35,North Carolina,L,Red,Summer,5,Yes,PayPal,Next Day Delivery,No,Yes,4,Bi-Weekly
2409,56-65,Male,Decor,Home & Garden,185.12,Georgia,N/A,N/A,Spring,5,Yes,PayPal,Standard,No,Yes,5,Annually
2410,65+,Female,Action Figure,Toys & Games,39.04,Georgia,N/A,N/A,Summer,4,No,Debit Card,Standard,No,No,8,Bi-Weekly
2411,65+,Female,Smartphone,Electronics,379.62,Illinois,N/A,N/A,Fall,4,No,Credit Card,Express,Yes,No,7,Monthly
2412,56-65,Other,Makeup,Beauty & Personal Care,26.58,New Jersey,N/A,N/A,Summer,4,Yes,Credit Card,Free Shipping,No,Yes,5,Monthly
2413,26-35,Female,Bike,Sports & Outdoors,150.67,Illinois,N/A,N/A,Summer,3,Yes,Debit Card,Express,No,No,4,Quarterly
2414,56-65,Male,Jacket,Clothing,82.95,Illinois,XL,Red,Spring,4,No,PayPal,Free Shipping,Yes,No,6,Bi-Weekly
2415,56-65,Male,Action Figure,Toys & Games,62.33,Virginia,N/A,N/A,Fall,5,No,Debit Card,Express,No,No,3,Annually
2416,36-45,Female,Sandals,Footwear,77.1,New York,L,Brown,Fall,5,Yes,PayPal,Express,No,No,7,Annually
2417,18-25,Male,Sports Apparel,Sports & Outdoors,103.33,California,N/A,N/A,Winter,5,Yes,PayPal,Next Day Delivery,No,No,2,Weekly
2418,46-55,Male,Bike,Sports & Outdoors,91.09,Michigan,N/A,N/A,Fall,5,No,Debit Card,Standard,No,No,6,Monthly
2419,46-55,Female,Boots,Footwear,143.17,Michigan,S,Gray,Spring,4,No,Bank Transfer,Standard,No,No,6,Annually
2420,36-45,Female,Fitness Equipment,Sports & Outdoors,131.97,California,N/A,N/A,Winter,5,Yes,Debit Card,Standard,No,Yes,10,Annually
2421,18-25,Female,Watch,Accessories,151.17,Texas,N/A,Black,Winter,5,No,Bank Transfer,Free Shipping,No,No,11,Weekly
2422,56-65,Male,Pants,Clothing,88.59,Pennsylvania,M,Gray,Winter,4,No,PayPal,Standard,No,No,9,Bi-Weekly
2423,26-35,Male,Jacket,Clothing,81.87,Virginia,XL,Blue,Summer,5,Yes,Debit Card,Next Day Delivery,No,No,9,Weekly
2424,65+,Male,Sneakers,Footwear,46.82,Texas,S,White,Winter,3,No,Debit Card,Next Day Delivery,No,No,4,Weekly
2425,18-25,Male,Heels,Footwear,121.1,Virginia,XS,Black,Fall,4,No,Credit Card,Next Day Delivery,No,No,7,Bi-Weekly
2426,65+,Male,Sandals,Footwear,127.84,New Jersey,XL,Blue,Winter,4,No,Bank Transfer,Next Day Delivery,No,No,8,Weekly
2427,46-55,Male,Furniture,Home & Garden,103.5,Georgia,N/A,N/A,Spring,5,Yes,PayPal,Express,Yes,No,7,Bi-Weekly
2428,46-55,Female,Board Game,Toys & Games,41.35,Pennsylvania,N/A,N/A,Fall,5,No,Credit Card,Express,No,No,6,Weekly
2429,18-25,Male,Jacket,Clothing,129.28,Illinois,XL,White,Fall,4,No,Credit Card,Express,No,No,10,Annually
2430,18-25,Female,Dress,Clothing,126.83,Pennsylvania,S,Black,Summer,4,Yes,PayPal,Standard,No,No,4,Annually
2431,56-65,Female,Furniture,Home & Garden,138.8,Texas,N/A,N/A,Fall,4,No,Bank Transfer,Standard,No,Yes,6,Bi-Weekly
2432,65+,Female,Camping Gear,Sports & Outdoors,143.73,North Carolina,N/A,N/A,Fall,4,No,Debit Card,Express,No,No,10,Monthly
2433,65+,Male,Camping Gear,Sports & Outdoors,183.54,California,N/A,N/A,Fall,5,No,PayPal,Standard,Yes,No,7,Weekly
2434,18-25,Female,Fragrance,Beauty & Personal Care,45.51,Michigan,N/A,N/A,Spring,5,No,Credit Card,Free Shipping,No,No,8,Annually
2435,46-55,Female,Board Game,Toys & Games,49.03,Texas,N/A,N/A,Winter,3,No,PayPal,Free Shipping,No,No,7,Monthly
2436,18-25,Male,Jewelry,Accessories,88.35,North Carolina,N/A,Blue,Summer,5,No,Cash,Express,No,Yes,3,Annually
2437,36-45,Female,Garden Tools,Home & Garden,155.38,Virginia,N/A,N/A,Fall,5,No,Cash,Standard,No,No,4,Weekly
2438,46-55,Female,Music Album,Books & Media,18.9,Ohio,N/A,N/A,Summer,5,No,Debit Card,Next Day Delivery,No,No,8,Weekly
2439,26-35,Male,Casual Shoes,Footwear,128.01,Pennsylvania,XS,Black,Winter,5,No,Cash,Free Shipping,No,No,3,Monthly
2440,36-45,Male,Heels,Footwear,157.82,Florida,M,Black,Winter,3,No,Bank Transfer,Next Day Delivery,No,No,6,Bi-Weekly
2441,56-65,Male,Jeans,Clothing,147.58,Florida,XL,Gray,Summer,3,No,Cash,Express,No,No,6,Monthly
2442,36-45,Male,Smartphone,Electronics,391.63,California,N/A,N/A,Spring,5,No,Bank Transfer,Standard,No,No,9,Quarterly
2443,65+,Female,Dress,Clothing,75.84,New York,XS,Gray,Winter,4,Yes,Bank Transfer,Next Day Delivery,No,No,6,Bi-Weekly
2444,18-25,Female,Sneakers,Footwear,205.07,Texas,L,Red,Winter,5,No,Cash,Express,No,No,4,Annually
2445,18-25,Female,Decor,Home & Garden,74.13,Georgia,N/A,N/A,Fall,4,Yes,Bank Transfer,Free Shipping,No,No,6,Monthly
2446,56-65,Male,Sneakers,Footwear,79.54,Florida,XL,Gray,Winter,4,Yes,Debit Card,Express,Yes,No,7,Quarterly
2447,18-25,Female,Handbag,Accessories,59.44,Ohio,N/A,Gray,Summer,3,No,Credit Card,Express,Yes,No,3,Quarterly
2448,36-45,Female,Camping Gear,Sports & Outdoors,28.27,Texas,N/A,N/A,Fall,5,No,PayPal,Free Shipping,No,Yes,5,Weekly
2449,65+,Male,Sneakers,Footwear,135.61,Georgia,XS,Black,Fall,5,Yes,Cash,Express,No,No,6,Annually
2450,18-25,Other,Boots,Footwear,89.96,Ohio,S,Black,Summer,5,No,Credit Card,Next Day Delivery,No,Yes,5,Annually
2451,18-25,Female,Video Game,Toys & Games,57.04,Virginia,N/A,N/A,Spring,4,Yes,Debit Card,Standard,No,No,9,Quarterly
2452,18-25,Male,Smartwatch,Electronics,364.59,Ohio,N/A,N/A,Summer,5,Yes,Bank Transfer,Next Day Delivery,Yes,No,7,Monthly
2453,56-65,Male,Board Game,Toys & Games,10.0,Virginia,N/A,N/A,Fall,5,No,Bank Transfer,Free Shipping,No,No,8,Quarterly
2454,26-35,Male,Tablet,Electronics,462.79,North Carolina,N/A,N/A,Spring,4,No,Credit Card,Next Day Delivery,No,No,8,Bi-Weekly
2455,46-55,Male,Action Figure,Toys & Games,34.37,Texas,N/A,N/A,Winter,5,Yes,Bank Transfer,Express,No,No,6,Annually
2456,56-65,Male,Magazine,Books & Media,32.39,North Carolina,N/A,N/A,Fall,4,Yes,Debit Card,Next Day Delivery,Yes,No,5,Weekly
2457,65+,Male,Smartwatch,Electronics,303.42,Florida,N/A,N/A,Summer,4,No,PayPal,Express,No,No,5,Weekly
2458,18-25,Female,Running Shoes,Footwear,153.71,New York,XL,Blue,Summer,5,No,Cash,Express,Yes,No,5,Bi-Weekly
2459,18-25,Male,Furniture,Home & Garden,120.58,Illinois,N/A,N/A,Fall,5,No,PayPal,Next Day Delivery,No,Yes,6,Bi-Weekly
2460,65+,Female,Casual Shoes,Footwear,89.98,North Carolina,XS,Black,Winter,4,No,Debit Card,Express,No,No,8,Weekly
2461,65+,Female,Casual Shoes,Footwear,126.65,New Jersey,XS,White,Spring,5,No,Cash,Standard,No,No,6,Monthly
2462,65+,Male,Boots,Footwear,116.92,Florida,S,Gray,Winter,3,No,PayPal,Next Day Delivery,No,No,4,Bi-Weekly
2463,65+,Male,Laptop,Electronics,404.97,Pennsylvania,N/A,N/A,Summer,5,No,Credit Card,Express,No,No,9,Annually
2464,18-25,Female,Hair Care,Beauty & Personal Care,27.98,California,N/A,N/A,Winter,5,Yes,Debit Card,Free Shipping,No,No,4,Bi-Weekly
2465,18-25,Male,Dress,Clothing,62.41,Virginia,XL,White,Winter,5,No,PayPal,Free Shipping,No,Yes,5,Monthly
2466,46-55,Male,Smartwatch,Electronics,264.64,North Carolina,N/A,N/A,Summer,5,No,Cash,Standard,No,No,9,Weekly
2467,65+,Female,Running Shoes,Footwear,163.22,Texas,L,Gray,Spring,4,No,PayPal,Next Day Delivery,No,No,5,Quarterly
2468,56-65,Male,Blouse,Clothing,38.73,Florida,XL,Gray,Summer,4,No,Credit Card,Standard,Yes,Yes,4,Monthly
2469,26-35,Female,Puzzle,Toys & Games,36.62,Texas,N/A,N/A,Winter,4,Yes,PayPal,Express,Yes,No,3,Bi-Weekly
2470,56-65,Female,Laptop,Electronics,235.96,Texas,N/A,N/A,Winter,3,Yes,PayPal,Standard,No,No,5,Annually
2471,18-25,Female,Bike,Sports & Outdoors,141.63,North Carolina,N/A,N/A,Fall,5,Yes,PayPal,Free Shipping,No,No,10,Quarterly
2472,18-25,Male,Makeup,Beauty & Personal Care,40.15,Virginia,N/A,N/A,Winter,5,Yes,Cash,Standard,No,No,6,Annually
2473,56-65,Male,Hair Care,Beauty & Personal Care,57.42,Pennsylvania,N/A,N/A,Spring,4,Yes,Debit Card,Next Day Delivery,No,No,10,Monthly
2474,36-45,Female,Jacket,Clothing,76.29,Ohio,L,White,Fall,3,No,Bank Transfer,Express,No,Yes,5,Bi-Weekly
2475,56-65,Male,Hair Care,Beauty & Personal Care,56.34,California,N/A,N/A,Fall,5,No,Bank Transfer,Free Shipping,Yes,No,13,Bi-Weekly
2476,46-55,Female,Handbag,Accessories,143.46,Florida,N/A,Red,Summer,3,Yes,PayPal,Standard,No,No,5,Weekly
2477,36-45,Male,Sandals,Footwear,76.04,New York,L,Gray,Summer,5,No,Debit Card,Next Day Delivery,No,No,5,Monthly
2478,65+,Male,Sneakers,Footwear,78.87,New Jersey,XL,Brown,Spring,3,No,Bank Transfer,Free Shipping,No,No,5,Annually
2479,65+,Male,Camera,Electronics,375.91,Michigan,N/A,N/A,Winter,5,No,Cash,Express,No,No,7,Monthly
2480,65+,Female,Camera,Electronics,471.56,Michigan,N/A,N/A,Winter,4,No,Debit Card,Express,No,No,7,Bi-Weekly
2481,56-65,Male,Camping Gear,Sports & Outdoors,67.87,Florida,N/A,N/A,Fall,5,No,PayPal,Express,No,No,6,Monthly
2482,65+,Male,Dress,Clothing,39.05,North Carolina,S,White,Summer,5,Yes,Debit Card,Express,Yes,No,7,Weekly
2483,65+,Male,Watch,Accessories,43.94,Texas,N/A,Gray,Fall,4,No,Bank Transfer,Free Shipping,No,No,7,Quarterly
2484,18-25,Female,Sports Apparel,Sports & Outdoors,88.91,Pennsylvania,N/A,N/A,Winter,5,No,PayPal,Next Day Delivery,No,No,5,Quarterly
2485,36-45,Male,Music Album,Books & Media,10.0,Michigan,N/A,N/A,Fall,4,No,Debit Card,Express,No,No,4,Monthly
2486,26-35,Female,Hair Care,Beauty & Personal Care,48.65,Michigan,N/A,N/A,Winter,5,No,Debit Card,Free Shipping,No,Yes,5,Quarterly
2487,65+,Male,Video Game,Toys & Games,38.36,Texas,N/A,N/A,Winter,4,No,Cash,Next Day Delivery,No,No,9,Bi-Weekly
2488,18-25,Female,Sandals,Footwear,97.41,Illinois,M,Black,Spring,4,No,Bank Transfer,Next Day Delivery,No,No,6,Annually
2489,36-45,Male,Board Game,Toys & Games,29.2,Pennsylvania,N/A,N/A,Summer,5,Yes,PayPal,Express,Yes,No,10,Monthly
2490,36-45,Male,Fragrance,Beauty & Personal Care,23.6,Illinois,N/A,N/A,Winter,5,Yes,Cash,Standard,Yes,No,6,Bi-Weekly
2491,18-25,Female,DVD,Books & Media,26.27,Florida,N/A,N/A,Summer,4,No,Debit Card,Standard,No,No,7,Monthly
2492,26-35,Female,Skincare,Beauty & Personal Care,63.64,Illinois,N/A,N/A,Spring,4,Yes,Debit Card,Express,Yes,No,7,Bi-Weekly
2493,26-35,Female,Skincare,Beauty & Personal Care,56.44,Illinois,N/A,N/A,Fall,4,No,Debit Card,Express,No,No,8,Weekly
2494,46-55,Female,Makeup,Beauty & Personal Care,56.96,New Jersey,N/A,N/A,Winter,5,Yes,Cash,Standard,Yes,No,5,Weekly
2495,18-25,Female,Board Game,Toys & Games,20.95,Georgia,N/A,N/A,Fall,5,Yes,Cash,Express,No,No,7,Weekly
2496,18-25,Female,Bike,Sports & Outdoors,211.88,Texas,N/A,N/A,Fall,4,No,Debit Card,Express,Yes,Yes,5,Bi-Weekly
2497,36-45,Female,Kitchenware,Home & Garden,10.0,Ohio,N/A,N/A,Winter,5,No,Debit Card,Next Day Delivery,Yes,No,7,Quarterly
2498,18-25,Female,Tablet,Electronics,497.39,New York,N/A,N/A,Summer,4,No,Credit Card,Free Shipping,No,No,3,Monthly
2499,65+,Female,Boots,Footwear,203.23,Georgia,L,Red,Summer,5,No,Bank Transfer,Free Shipping,No,No,6,Quarterly
2500,65+,Female,Bike,Sports & Outdoors,10.0,New York,N/A,N/A,Summer,5,Yes,PayPal,Standard,Yes,No,6,Weekly
